ONS id,Constituency,County,Country/Region,Country,Electorate,,ConservativeVotes,ConservativeVote share,,LabourVotes ,LabourVote share,,LiberalVotes,LiberalVote share,,Total votes,Turnout ,
W07000049,ABERAVON,West Glamorgan,Wales,Wales,50.750,,6.518,21%,,17.008,54%,,1.072,3%,,31.598,62%,
W07000058,ABERCONWY,Clwyd,Wales,Wales,44.699,,14.687,46%,,12.653,40%,,1.821,6%,,31.865,71%,
S14000001,ABERDEEN NORTH,,Scotland,Scotland,62.489,,7.535,20%,,4.939,13%,,2.846,8%,,37.413,60%,
S14000002,ABERDEEN SOUTH,,Scotland,Scotland,65.719,,16.398,36%,,3.834,8%,,5.018,11%,,45.638,69%,
S14000003,AIRDRIE AND SHOTTS,,Scotland,Scotland,64.011,,7.011,18%,,12.728,32%,,1.419,4%,,39.772,62%,
E14000530,ALDERSHOT,Hampshire,South East,England,72.617,,27.980,58%,,11.282,24%,,6.920,14%,,47.932,66%,
E14000531,ALDRIDGE-BROWNHILLS,West Midlands,West Midlands,England,60.138,,27.850,71%,,8.014,20%,,2.371,6%,,39.342,65%,
E14000532,ALTRINCHAM AND SALE WEST,Greater Manchester,North West,England,73.107,,26.311,48%,,20.172,37%,,6.036,11%,,54.763,75%,
W07000043,ALYN AND DEESIDE,Clwyd,Wales,Wales,62.789,,18.058,42%,,18.271,42%,,2.548,6%,,43.008,68%,
E14000533,AMBER VALLEY,Derbyshire,East Midlands,England,69.976,,29.096,64%,,12.210,27%,,2.873,6%,,45.567,65%,
S14000004,ANGUS,,Scotland,Scotland,63.952,,17.421,40%,,2.051,5%,,2.482,6%,,43.170,68%,
W07000057,ARFON,Gwynedd,Wales,Wales,42.215,,4.428,15%,,10.353,36%,,,,,29.074,69%,
S14000005,ARGYLL AND BUTE,,Scotland,Scotland,66.525,,16.930,35%,,3.248,7%,,6.832,14%,,48.050,72%,
E14000534,ARUNDEL AND SOUTH DOWNS,West Sussex,South East,England,81.726,,35.566,58%,,9.722,16%,,13.045,21%,,61.408,75%,
E14000535,ASHFIELD,Nottinghamshire,East Midlands,England,78.204,,19.231,39%,,11.971,24%,,1.105,2%,,48.980,63%,
E14000536,ASHFORD,Kent,South East,England,89.553,,37.270,62%,,13.241,22%,,6.048,10%,,60.059,67%,
E14000537,ASHTON-UNDER-LYNE,Greater Manchester,North West,England,67.978,,14.281,37%,,18.544,48%,,1.395,4%,,38.579,57%,
E14000538,AYLESBURY,Buckinghamshire,South East,England,86.665,,32.737,54%,,15.364,25%,,10.081,17%,,60.576,70%,
S14000006,"AYR, CARRICK AND CUMNOCK",,Scotland,Scotland,71.970,,17.943,39%,,6.219,13%,,2.158,5%,,46.592,65%,
E14000539,BANBURY,Oxfordshire,South East,England,90.116,,34.148,54%,,17.335,28%,,8.831,14%,,62.921,70%,
S14000007,BANFF AND BUCHAN,,Scotland,Scotland,66.655,,21.182,50%,,1.734,4%,,2.280,5%,,42.260,63%,
E14000540,BARKING,London,London,England,77.953,,11.792,26%,,27.219,61%,,1.482,3%,,44.499,57%,
E14000541,BARNSLEY CENTRAL,South Yorkshire,Yorkshire and The Humber,England,65.277,,7.892,21%,,14.804,40%,,1.176,3%,,36.903,57%,
E14000542,BARNSLEY EAST,South Yorkshire,Yorkshire and The Humber,England,69.504,,10.377,27%,,14.329,38%,,1.330,3%,,38.070,55%,
E14000543,BARROW AND FURNESS,Cumbria,North West,England,70.158,,23.876,52%,,18.087,39%,,2.025,4%,,46.046,66%,
E14000544,BASILDON AND BILLERICAY,Essex,East,England,69.906,,29.590,67%,,9.178,21%,,3.741,8%,,44.128,63%,
E14000545,BASINGSTOKE,Hampshire,South East,England,82.928,,29.593,54%,,15.395,28%,,6.841,13%,,54.713,66%,
E14000546,BASSETLAW,Nottinghamshire,East Midlands,England,80.024,,28.078,55%,,14.065,28%,,3.332,7%,,50.841,64%,
E14000547,BATH,Avon,South West,England,67.805,,16.097,31%,,6.639,13%,,28.419,55%,,52.138,77%,
E14000548,BATLEY AND SPEN,West Yorkshire,Yorkshire and The Humber,England,79.558,,19.069,36%,,22.594,43%,,2.462,5%,,52.927,67%,
E14000549,BATTERSEA,London,London,England,79.350,,21.622,36%,,27.290,46%,,9.150,15%,,59.977,76%,
E14000550,BEACONSFIELD,Buckinghamshire,South East,England,77.720,,32.477,56%,,5.756,10%,,,,,57.868,74%,
E14000551,BECKENHAM,London,London,England,68.662,,27.282,54%,,13.024,26%,,8.194,16%,,50.555,74%,
E14000552,BEDFORD,Bedfordshire,East,England,71.581,,20.346,43%,,20.491,43%,,4.608,10%,,47.301,66%,
N06000001,BELFAST EAST,,Northern Ireland,Northern Ireland,66.245,,,,,,,,,,,42.445,64%,
N06000002,BELFAST NORTH,,Northern Ireland,Northern Ireland,72.225,,,,,,,,,,,49.037,68%,
N06000003,BELFAST SOUTH,,Northern Ireland,Northern Ireland,69.984,,,,,,,,,,,47.352,68%,
N06000004,BELFAST WEST,,Northern Ireland,Northern Ireland,65.644,,,,,,,,,,,38.782,59%,
E14000553,BERMONDSEY AND OLD SOUTHWARK,London,London,England,93.248,,9.678,17%,,31.723,54%,,15.597,27%,,58.615,63%,
S14000008,"BERWICKSHIRE, ROXBURGH AND SELKIRK",,Scotland,Scotland,74.518,,25.747,48%,,2.513,5%,,4.287,8%,,53.146,71%,
E14000554,BERWICK-UPON-TWEED,Northumberland,North East,England,59.939,,23.947,57%,,9.112,22%,,7.656,18%,,42.109,70%,
E14000555,BETHNAL GREEN AND BOW,London,London,England,88.262,,6.528,11%,,44.052,73%,,5.892,10%,,60.562,69%,
E14000556,BEVERLEY AND HOLDERNESS,Humberside,Yorkshire and The Humber,England,79.696,,33.250,62%,,12.802,24%,,4.671,9%,,53.542,67%,
E14000557,BEXHILL AND BATTLE,East Sussex,South East,England,81.963,,37.590,64%,,11.531,20%,,7.280,12%,,59.093,72%,
E14000558,BEXLEYHEATH AND CRAYFORD,London,London,England,65.466,,25.856,60%,,12.753,29%,,2.819,7%,,43.246,66%,
E14000559,BIRKENHEAD,Merseyside,North West,England,63.762,,5.540,13%,,24.990,59%,,1.620,4%,,42.329,66%,
E14000560,"BIRMINGHAM, EDGBASTON",West Midlands,West Midlands,England,68.828,,15.603,37%,,21.217,50%,,3.349,8%,,42.328,61%,
E14000561,"BIRMINGHAM, ERDINGTON",West Midlands,West Midlands,England,66.148,,14.119,40%,,17.720,50%,,1.301,4%,,35.229,53%,
E14000562,"BIRMINGHAM, HALL GREEN",West Midlands,West Midlands,England,80.283,,7.381,14%,,35.889,68%,,3.673,7%,,52.911,66%,
E14000563,"BIRMINGHAM, HODGE HILL",West Midlands,West Midlands,England,78.295,,6.742,15%,,35.397,79%,,760,2%,,45.003,57%,
E14000564,"BIRMINGHAM, LADYWOOD",West Midlands,West Midlands,England,74.912,,4.773,11%,,33.355,79%,,2.228,5%,,42.118,56%,
E14000565,"BIRMINGHAM, NORTHFIELD",West Midlands,West Midlands,England,73.694,,19.957,46%,,18.317,43%,,1.961,5%,,43.098,58%,
E14000566,"BIRMINGHAM, PERRY BARR",West Midlands,West Midlands,England,72.006,,11.277,27%,,26.594,63%,,1.901,5%,,42.147,59%,
E14000567,"BIRMINGHAM, SELLY OAK",West Midlands,West Midlands,England,82.665,,15.300,31%,,27.714,56%,,3.169,6%,,49.467,60%,
E14000568,"BIRMINGHAM, YARDLEY",West Midlands,West Midlands,England,74.704,,12.720,30%,,23.379,55%,,3.754,9%,,42.678,57%,
E14000569,BISHOP AUCKLAND,Durham,North East,England,68.170,,24.067,54%,,16.105,36%,,2.133,5%,,44.805,66%,
E14000570,BLACKBURN,Lancashire,North West,England,71.234,,10.736,24%,,29.040,65%,,1.130,3%,,44.736,63%,
E14000571,BLACKLEY AND BROUGHTON,Greater Manchester,North West,England,73.372,,9.485,25%,,23.887,62%,,1.590,4%,,38.618,53%,
E14000572,BLACKPOOL NORTH AND CLEVELEYS,Lancashire,North West,England,63.692,,22.364,58%,,13.768,35%,,1.494,4%,,38.804,61%,
E14000573,BLACKPOOL SOUTH,Lancashire,North West,England,57.690,,16.247,50%,,12.557,38%,,1.008,3%,,32.752,57%,
W07000072,BLAENAU GWENT,Gwent and Mid Glamorgan,Wales,Wales,50.739,,5.749,19%,,14.862,49%,,1.285,4%,,30.219,60%,
E14000574,BLAYDON,Tyne and Wear,North East,England,67.853,,14.263,31%,,19.794,43%,,3.703,8%,,45.681,67%,
E14000575,BLYTH VALLEY,Northumberland,North East,England,64.429,,17.440,43%,,16.728,41%,,2.151,5%,,40.859,63%,
E14000576,BOGNOR REGIS AND LITTLEHAMPTON,West Sussex,South East,England,77.446,,32.521,63%,,10.018,20%,,5.645,11%,,51.223,66%,
E14000577,BOLSOVER,Derbyshire,East Midlands,England,75.161,,21.791,47%,,16.492,36%,,1.759,4%,,45.938,61%,
E14000578,BOLTON NORTH EAST,Greater Manchester,North West,England,67.564,,19.759,45%,,19.381,44%,,1.847,4%,,43.556,64%,
E14000579,BOLTON SOUTH EAST,Greater Manchester,North West,England,69.163,,13.918,34%,,21.516,53%,,1.411,3%,,40.604,59%,
E14000580,BOLTON WEST,Greater Manchester,North West,England,73.191,,27.255,55%,,18.400,37%,,2.704,5%,,49.298,67%,
E14000581,BOOTLE,Merseyside,North West,England,74.832,,4.510,9%,,39.066,79%,,1.822,4%,,49.174,66%,
E14000582,BOSTON AND SKEGNESS,Lincolnshire,East Midlands,England,69.381,,31.963,77%,,6.342,15%,,1.963,5%,,41.696,60%,
E14000583,BOSWORTH,Leicestershire,East Midlands,England,81.542,,36.056,64%,,9.778,17%,,9.096,16%,,56.432,69%,
E14000584,BOURNEMOUTH EAST,Dorset,South West,England,74.125,,24.926,51%,,16.120,33%,,5.418,11%,,49.274,66%,
E14000585,BOURNEMOUTH WEST,Dorset,South West,England,74.205,,24.550,53%,,14.400,31%,,4.931,11%,,45.977,62%,
E14000586,BRACKNELL,Berkshire,South East,England,78.978,,31.894,59%,,12.065,22%,,7.749,14%,,54.350,69%,
E14000587,BRADFORD EAST,West Yorkshire,Yorkshire and The Humber,England,73.206,,9.681,22%,,27.825,63%,,3.316,8%,,44.184,60%,
E14000588,BRADFORD SOUTH,West Yorkshire,Yorkshire and The Humber,England,69.046,,16.044,40%,,18.390,46%,,1.505,4%,,39.741,58%,
E14000589,BRADFORD WEST,West Yorkshire,Yorkshire and The Humber,England,70.694,,6.717,15%,,33.736,76%,,1.349,3%,,44.261,63%,
E14000590,BRAINTREE,Essex,East,England,75.208,,34.112,68%,,9.439,19%,,4.779,9%,,50.499,67%,
W07000068,BRECON AND RADNORSHIRE,Powys,Wales,Wales,55.490,,21.958,53%,,3.944,10%,,14.827,36%,,41.319,74%,
E14000591,BRENT CENTRAL,London,London,England,84.032,,10.909,22%,,31.779,65%,,4.844,10%,,49.132,58%,
E14000593,BRENTFORD AND ISLEWORTH,London,London,England,85.775,,18.752,32%,,29.266,50%,,7.314,13%,,58.326,68%,
E14000592,BRENT NORTH,London,London,England,83.788,,18.832,36%,,26.911,52%,,4.065,8%,,51.879,62%,
E14000594,BRENTWOOD AND ONGAR,Essex,East,England,75.255,,36.308,69%,,7.243,14%,,7.187,14%,,52.949,70%,
W07000073,BRIDGEND,Gwent and Mid Glamorgan,Wales,Wales,63.303,,18.193,43%,,17.036,40%,,2.368,6%,,42.236,67%,
E14000595,BRIDGWATER AND WEST SOMERSET,Somerset,South West,England,85.327,,35.827,62%,,11.388,20%,,7.805,14%,,57.652,68%,
E14000596,BRIGG AND GOOLE,Humberside,Yorkshire and The Humber,England,65.939,,30.941,71%,,9.000,21%,,2.180,5%,,43.402,66%,
E14000597,"BRIGHTON, KEMPTOWN",East Sussex,South East,England,69.833,,16.972,35%,,25.033,52%,,2.964,6%,,48.533,69%,
E14000598,"BRIGHTON, PAVILION",East Sussex,South East,England,79.057,,10.176,18%,,13.211,23%,,,,,57.998,73%,
E14000599,BRISTOL EAST,Avon,South West,England,73.867,,16.923,32%,,27.717,53%,,3.527,7%,,52.154,71%,
E14000600,BRISTOL NORTH WEST,Avon,South West,England,76.273,,21.638,39%,,27.330,49%,,4.940,9%,,55.885,73%,
E14000601,BRISTOL SOUTH,Avon,South West,England,84.079,,18.036,33%,,27.895,51%,,4.227,8%,,55.196,66%,
E14000602,BRISTOL WEST,Avon,South West,England,99.253,,8.822,12%,,47.028,62%,,,,,75.528,76%,
E14000603,BROADLAND,Norfolk,East,England,78.151,,33.934,60%,,12.073,21%,,9.195,16%,,56.977,73%,
E14000604,BROMLEY AND CHISLEHURST,London,London,England,66.697,,23.958,53%,,13.067,29%,,6.621,15%,,45.566,68%,
E14000605,BROMSGROVE,Hereford and Worcester,West Midlands,England,75.078,,34.408,63%,,11.302,21%,,6.779,12%,,54.272,72%,
E14000606,BROXBOURNE,Hertfordshire,East,England,73.182,,30.631,66%,,10.824,23%,,3.970,8%,,46.706,64%,
E14000607,BROXTOWE,Nottinghamshire,East Midlands,England,73.052,,26.602,48%,,21.271,38%,,,,,55.272,76%,
E14000608,BUCKINGHAM,Buckinghamshire,South East,England,83.146,,37.035,58%,,7.638,12%,,16.624,26%,,63.458,76%,
E14000609,BURNLEY,Lancashire,North West,England,64.345,,15.720,40%,,14.368,37%,,3.501,9%,,38.984,61%,
E14000610,BURTON,Staffordshire,West Midlands,England,75.036,,29.560,61%,,15.064,31%,,2.681,6%,,48.738,65%,
E14000611,BURY NORTH,Greater Manchester,North West,England,68.802,,21.660,46%,,21.555,46%,,1.584,3%,,46.841,68%,
E14000612,BURY SOUTH,Greater Manchester,North West,England,75.152,,22.034,44%,,21.632,43%,,2.315,5%,,50.274,67%,
E14000613,BURY ST EDMUNDS,Suffolk,East,England,89.644,,37.770,61%,,12.782,21%,,,,,61.957,69%,
W07000076,CAERPHILLY,Gwent and Mid Glamorgan,Wales,Wales,63.166,,11.185,28%,,18.018,45%,,,,,40.117,64%,
S14000009,"CAITHNESS, SUTHERLAND AND EASTER ROSS",,Scotland,Scotland,46.930,,5.176,16%,,1.936,6%,,11.705,37%,,31.457,67%,
E14000614,CALDER VALLEY,West Yorkshire,Yorkshire and The Humber,England,79.287,,29.981,52%,,24.207,42%,,2.884,5%,,57.793,73%,
E14000615,CAMBERWELL AND PECKHAM,London,London,England,88.971,,6.478,11%,,40.258,71%,,5.087,9%,,56.492,63%,
E14000616,CAMBORNE AND REDRUTH,Cornwall,South West,England,70.250,,26.764,53%,,18.064,36%,,3.504,7%,,50.367,72%,
E14000617,CAMBRIDGE,Cambridgeshire,East,England,79.951,,8.342,16%,,25.776,48%,,16.137,30%,,53.729,67%,
E14000618,CANNOCK CHASE,Staffordshire,West Midlands,England,74.813,,31.636,68%,,11.757,25%,,,,,46.313,62%,
E14000619,CANTERBURY,Kent,South East,England,80.203,,27.182,45%,,29.018,48%,,3.408,6%,,60.113,75%,
W07000050,CARDIFF CENTRAL,South Glamorgan,Wales,Wales,64.037,,8.426,20%,,25.605,61%,,6.298,15%,,41.822,65%,
W07000051,CARDIFF NORTH,South Glamorgan,Wales,Wales,68.438,,19.082,36%,,26.064,49%,,3.580,7%,,52.666,77%,
W07000080,CARDIFF SOUTH AND PENARTH,South Glamorgan,Wales,Wales,78.837,,14.645,29%,,27.382,54%,,2.985,6%,,50.579,64%,
W07000079,CARDIFF WEST,South Glamorgan,Wales,Wales,68.508,,12.922,28%,,23.908,52%,,2.731,6%,,46.177,67%,
E14000620,CARLISLE,Cumbria,North West,England,65.105,,23.659,55%,,15.340,36%,,2.829,7%,,42.873,66%,
W07000067,CARMARTHEN EAST AND DINEFWR,Dyfed,Wales,Wales,57.419,,14.130,34%,,8.622,21%,,,,,41.002,71%,
W07000066,CARMARTHEN WEST AND SOUTH PEMBROKESHIRE,Dyfed,Wales,Wales,59.158,,22.183,53%,,14.438,34%,,1.860,4%,,42.114,71%,
E14000621,CARSHALTON AND WALLINGTON,London,London,England,72.941,,20.822,42%,,6.081,12%,,20.193,41%,,49.098,67%,
E14000622,CASTLE POINT,Essex,East,England,69.608,,33.971,77%,,7.337,17%,,2.969,7%,,44.277,64%,
S14000010,CENTRAL AYRSHIRE,,Scotland,Scotland,69.742,,16.182,35%,,6.583,14%,,2.283,5%,,46.534,67%,
E14000623,CENTRAL DEVON,Devon,South West,England,74.926,,32.095,55%,,14.374,25%,,8.770,15%,,58.072,78%,
E14000624,CENTRAL SUFFOLK AND NORTH IPSWICH,Suffolk,East,England,80.037,,35.253,63%,,11.862,21%,,6.485,12%,,56.250,70%,
W07000064,CEREDIGION,Dyfed,Wales,Wales,56.250,,8.879,22%,,6.317,16%,,6.975,17%,,40.105,71%,
E14000625,CHARNWOOD,Leicestershire,East Midlands,England,79.534,,35.121,63%,,12.724,23%,,4.856,9%,,55.365,70%,
E14000626,CHATHAM AND AYLESFORD,Kent,South East,England,71.642,,28.856,67%,,10.316,24%,,2.866,7%,,43.340,60%,
E14000627,CHEADLE,Greater Manchester,North West,England,74.577,,25.694,46%,,6.851,12%,,23.358,42%,,55.903,75%,
E14000628,CHELMSFORD,Essex,East,England,80.394,,31.934,56%,,10.295,18%,,14.313,25%,,57.122,71%,
E14000629,CHELSEA AND FULHAM,London,London,England,67.110,,23.345,50%,,10.872,23%,,12.104,26%,,46.821,70%,
E14000630,CHELTENHAM,Gloucestershire,South West,England,81.044,,28.486,48%,,2.921,5%,,27.505,46%,,59.357,73%,
E14000631,CHESHAM AND AMERSHAM,Buckinghamshire,South East,England,72.542,,30.850,55%,,7.166,13%,,14.627,26%,,55.685,77%,
E14000632,CHESTERFIELD,Derbyshire,East Midlands,England,71.034,,16.720,37%,,18.171,40%,,3.985,9%,,45.186,64%,
E14000633,CHICHESTER,West Sussex,South East,England,85.499,,35.402,58%,,9.069,15%,,13.912,23%,,61.243,72%,
E14000634,CHINGFORD AND WOODFORD GREEN,London,London,England,65.393,,23.481,48%,,22.219,46%,,2.744,6%,,48.444,74%,
E14000635,CHIPPENHAM,Wiltshire,South West,England,77.221,,30.994,54%,,6.399,11%,,19.706,35%,,57.099,74%,
E14000636,CHIPPING BARNET,London,London,England,79.960,,25.745,45%,,24.533,43%,,5.932,10%,,57.569,72%,
E14000637,CHORLEY,Lancashire,North West,England,78.177,,,,,,,,,,,39.870,51%,
E14000638,CHRISTCHURCH,Dorset,South West,England,71.520,,33.894,65%,,6.568,13%,,9.277,18%,,51.951,73%,
E14000639,CITIES OF LONDON AND WESTMINSTER,London,London,England,63.700,,17.049,40%,,11.624,27%,,13.096,31%,,42.723,67%,
E14000640,CITY OF CHESTER,Cheshire,North West,England,76.057,,20.918,38%,,27.082,50%,,3.734,7%,,54.560,72%,
E14000641,CITY OF DURHAM,Durham,North East,England,71.271,,15.506,32%,,20.531,42%,,7.935,16%,,48.859,69%,
E14000642,CLACTON,Essex,East,England,70.930,,31.438,72%,,6.736,15%,,2.541,6%,,43.506,61%,
E14000643,CLEETHORPES,Humberside,Yorkshire and The Humber,England,73.689,,31.969,69%,,10.551,23%,,2.535,5%,,46.339,63%,
W07000062,CLWYD SOUTH,Clwyd,Wales,Wales,53.919,,16.222,45%,,14.983,41%,,1.496,4%,,36.306,67%,
W07000059,CLWYD WEST,Clwyd,Wales,Wales,57.714,,20.403,51%,,13.656,34%,,2.237,6%,,40.203,70%,
S14000011,"COATBRIDGE, CHRYSTON AND BELLSHILL",,Scotland,Scotland,72.943,,6.113,13%,,17.056,35%,,1.564,3%,,48.221,66%,
E14000644,COLCHESTER,Essex,East,England,82.625,,26.917,50%,,17.494,33%,,7.432,14%,,53.373,65%,
E14000645,COLNE VALLEY,West Yorkshire,Yorkshire and The Humber,England,84.174,,29.482,48%,,24.379,40%,,3.815,6%,,60.892,72%,
E14000646,CONGLETON,Cheshire,North West,England,80.930,,33.747,59%,,15.186,27%,,6.026,11%,,57.233,71%,
E14000647,COPELAND,Cumbria,North West,England,61.693,,22.856,54%,,17.014,40%,,1.888,4%,,42.523,69%,
E14000648,CORBY,Northamptonshire,East Midlands,England,86.153,,33.410,55%,,23.142,38%,,3.923,6%,,60.475,70%,
E14000649,COVENTRY NORTH EAST,West Midlands,West Midlands,England,76.006,,15.720,35%,,23.412,53%,,2.061,5%,,44.444,58%,
E14000650,COVENTRY NORTH WEST,West Midlands,West Midlands,England,75.247,,20.710,43%,,20.918,44%,,2.717,6%,,47.744,63%,
E14000651,COVENTRY SOUTH,West Midlands,West Midlands,England,70.979,,19.143,42%,,19.544,43%,,3.398,8%,,45.044,63%,
E14000652,CRAWLEY,West Sussex,South East,England,74.207,,27.040,54%,,18.680,37%,,2.728,5%,,49.899,67%,
E14000653,CREWE AND NANTWICH,Cheshire,North West,England,80.321,,28.704,53%,,20.196,37%,,2.618,5%,,54.032,67%,
E14000654,CROYDON CENTRAL,London,London,England,81.407,,21.175,39%,,27.124,50%,,3.532,7%,,54.045,66%,
E14000655,CROYDON NORTH,London,London,England,88.468,,11.822,21%,,36.495,66%,,4.476,8%,,55.609,63%,
E14000656,CROYDON SOUTH,London,London,England,83.982,,30.985,52%,,18.646,31%,,7.503,13%,,59.358,71%,
S14000012,"CUMBERNAULD, KILSYTH AND KIRKINTILLOCH EAST",,Scotland,Scotland,66.079,,7.380,16%,,11.182,24%,,2.966,6%,,45.686,69%,
W07000070,CYNON VALLEY,Gwent and Mid Glamorgan,Wales,Wales,51.134,,6.711,22%,,15.533,51%,,949,3%,,30.236,59%,
E14000657,DAGENHAM AND RAINHAM,London,London,England,71.045,,19.175,44%,,19.468,45%,,1.182,3%,,43.735,62%,
E14000658,DARLINGTON,Durham,North East,England,66.397,,20.901,48%,,17.607,40%,,2.097,5%,,43.498,66%,
E14000659,DARTFORD,Kent,South East,England,82.209,,34.006,63%,,14.846,27%,,3.736,7%,,54.023,66%,
E14000660,DAVENTRY,Northamptonshire,East Midlands,England,77.423,,37.055,65%,,10.975,19%,,7.032,12%,,57.403,74%,
W07000042,DELYN,Clwyd,Wales,Wales,54.560,,16.756,44%,,15.891,41%,,2.346,6%,,38.370,70%,
E14000661,DENTON AND REDDISH,Greater Manchester,North West,England,66.234,,13.142,34%,,19.317,50%,,1.642,4%,,38.588,58%,
E14000662,DERBY NORTH,Derbyshire,East Midlands,England,73.199,,21.259,45%,,18.719,40%,,3.450,7%,,47.017,64%,
E14000664,DERBYSHIRE DALES,Derbyshire,East Midlands,England,65.080,,29.356,59%,,11.975,24%,,6.627,13%,,50.016,77%,
E14000663,DERBY SOUTH,Derbyshire,East Midlands,England,73.062,,15.671,37%,,21.690,51%,,2.621,6%,,42.462,58%,
E14000665,DEVIZES,Wiltshire,South West,England,73.372,,32.150,63%,,7.838,15%,,8.157,16%,,50.954,69%,
E14000666,DEWSBURY,West Yorkshire,Yorkshire and The Humber,England,81.253,,26.179,46%,,24.618,44%,,2.406,4%,,56.389,69%,
E14000668,DONCASTER CENTRAL,South Yorkshire,Yorkshire and The Humber,England,71.389,,14.360,35%,,16.638,40%,,1.748,4%,,41.581,58%,
E14000669,DONCASTER NORTH,South Yorkshire,Yorkshire and The Humber,England,72.362,,13.370,33%,,15.740,39%,,1.476,4%,,40.698,56%,
E14000667,DON VALLEY,South Yorkshire,Yorkshire and The Humber,England,75.356,,19.609,43%,,15.979,35%,,1.907,4%,,45.437,60%,
E14000670,DOVER,Kent,South East,England,76.355,,28.830,57%,,16.552,33%,,2.895,6%,,50.701,66%,
E14000671,DUDLEY NORTH,West Midlands,West Midlands,England,61.936,,23.134,63%,,11.601,32%,,1.210,3%,,36.684,59%,
E14000672,DUDLEY SOUTH,West Midlands,West Midlands,England,60.731,,24.835,68%,,9.270,25%,,1.608,4%,,36.576,60%,
E14000673,DULWICH AND WEST NORWOOD,London,London,England,80.331,,9.160,16%,,36.521,65%,,,,,55.778,69%,
S14000013,DUMFRIES AND GALLOWAY,,Scotland,Scotland,74.580,,22.678,44%,,4.745,9%,,3.133,6%,,51.429,69%,
S14000014,"DUMFRIESSHIRE, CLYDESDALE AND TWEEDDALE",,Scotland,Scotland,68.330,,22.611,46%,,4.172,8%,,3.540,7%,,49.153,72%,
S14000015,DUNDEE EAST,,Scotland,Scotland,66.210,,10.986,24%,,6.045,13%,,3.573,8%,,45.277,68%,
S14000016,DUNDEE WEST,,Scotland,Scotland,64.431,,5.149,12%,,10.096,24%,,2.468,6%,,41.579,65%,
S14000017,DUNFERMLINE AND WEST FIFE,,Scotland,Scotland,76.652,,11.207,21%,,13.028,24%,,4.262,8%,,53.482,70%,
W07000061,DWYFOR MEIRIONNYDD,Gwynedd,Wales,Wales,44.362,,9.707,32%,,3.998,13%,,,,,29.928,67%,
E14000674,EALING CENTRAL AND ACTON,London,London,England,75.510,,14.832,27%,,28.132,51%,,9.444,17%,,54.807,73%,
E14000675,EALING NORTH,London,London,England,74.473,,15.767,32%,,28.036,56%,,4.370,9%,,49.631,67%,
E14000676,"EALING, SOUTHALL",London,London,England,64.581,,9.594,23%,,25.678,61%,,3.933,9%,,42.217,65%,
E14000677,EASINGTON,Durham,North East,England,61.182,,9.142,26%,,15.723,45%,,1.526,4%,,34.583,57%,
N06000005,EAST ANTRIM,,Northern Ireland,Northern Ireland,64.830,,1.043,3%,,,,,,,,37.261,57%,
E14000684,EASTBOURNE,East Sussex,South East,England,79.307,,26.951,49%,,3.848,7%,,22.620,41%,,55.134,70%,
E14000678,EAST DEVON,Devon,South West,England,87.168,,32.577,51%,,2.870,4%,,1.771,3%,,64.073,74%,
S14000018,EAST DUNBARTONSHIRE,,Scotland,Scotland,66.075,,7.455,14%,,4.839,9%,,19.523,37%,,53.031,80%,
E14000679,EAST HAM,London,London,England,88.319,,8.527,16%,,41.703,76%,,2.158,4%,,54.628,62%,
E14000680,EAST HAMPSHIRE,Hampshire,South East,England,76.478,,33.446,59%,,6.287,11%,,13.750,24%,,56.895,74%,
S14000019,"EAST KILBRIDE, STRATHAVEN AND LESMAHAGOW",,Scotland,Scotland,81.224,,11.961,21%,,12.791,23%,,3.760,7%,,56.337,69%,
E14000685,EASTLEIGH,Hampshire,South East,England,83.880,,32.690,55%,,7.559,13%,,17.083,29%,,58.971,70%,
N06000006,EAST LONDONDERRY,,Northern Ireland,Northern Ireland,69.246,,,,,,,,,,,39.302,57%,
S14000020,EAST LOTHIAN,,Scotland,Scotland,81.600,,15.523,27%,,17.270,30%,,4.071,7%,,58.513,72%,
S14000021,EAST RENFREWSHIRE,,Scotland,Scotland,72.232,,19.451,35%,,6.855,12%,,4.174,8%,,55.357,77%,
E14000681,EAST SURREY,Surrey,South East,England,83.148,,35.624,60%,,8.247,14%,,11.584,19%,,59.690,72%,
E14000682,EAST WORTHING AND SHOREHAM,West Sussex,South East,England,75.194,,27.107,51%,,19.633,37%,,4.127,8%,,53.128,71%,
E14000683,EAST YORKSHIRE,Humberside,Yorkshire and The Humber,England,80.923,,33.988,64%,,11.201,21%,,4.219,8%,,52.769,65%,
E14000686,EDDISBURY,Cheshire,North West,England,73.700,,30.095,57%,,11.652,22%,,9.582,18%,,52.971,72%,
S14000022,EDINBURGH EAST,,Scotland,Scotland,69.424,,6.549,14%,,12.748,27%,,3.289,7%,,47.815,69%,
S14000023,EDINBURGH NORTH AND LEITH,,Scotland,Scotland,81.336,,11.000,19%,,13.117,22%,,6.635,11%,,59.344,73%,
S14000024,EDINBURGH SOUTH,,Scotland,Scotland,66.188,,8.161,16%,,23.745,48%,,3.819,8%,,49.732,75%,
S14000025,EDINBURGH SOUTH WEST,,Scotland,Scotland,73.501,,12.848,25%,,7.478,14%,,4.971,10%,,52.131,71%,
S14000026,EDINBURGH WEST,,Scotland,Scotland,72.507,,9.283,17%,,4.460,8%,,21.766,40%,,54.533,75%,
E14000687,EDMONTON,London,London,England,65.747,,10.202,25%,,26.217,65%,,2.145,5%,,40.341,61%,
E14000688,ELLESMERE PORT AND NESTON,Cheshire,North West,England,70.327,,17.237,35%,,26.001,53%,,2.406,5%,,48.746,69%,
E14000689,ELMET AND ROTHWELL,West Yorkshire,Yorkshire and The Humber,England,80.957,,33.726,58%,,16.373,28%,,5.155,9%,,58.225,72%,
E14000690,ELTHAM,London,London,England,64.086,,17.353,40%,,20.550,47%,,2.941,7%,,43.689,68%,
E14000691,ENFIELD NORTH,London,London,England,68.301,,16.848,37%,,23.340,52%,,2.950,7%,,45.050,66%,
E14000692,"ENFIELD, SOUTHGATE",London,London,England,65.525,,18.473,39%,,22.923,48%,,4.344,9%,,47.276,72%,
E14000693,EPPING FOREST,Essex,East,England,74.304,,32.364,64%,,10.191,20%,,5.387,11%,,50.268,68%,
E14000694,EPSOM AND EWELL,Surrey,South East,England,81.138,,31.819,54%,,10.226,17%,,13.946,23%,,59.451,73%,
E14000695,EREWASH,Derbyshire,East Midlands,England,72.523,,27.560,56%,,16.954,35%,,2.487,5%,,48.814,67%,
E14000696,ERITH AND THAMESMEAD,London,London,England,65.399,,16.124,39%,,19.882,48%,,1.984,5%,,41.384,63%,
E14000697,ESHER AND WALTON,Surrey,South East,England,81.184,,31.132,49%,,2.838,4%,,28.389,45%,,63.084,78%,
E14000698,EXETER,Devon,South West,England,82.054,,19.479,35%,,29.882,53%,,,,,56.192,68%,
S14000028,FALKIRK,,Scotland,Scotland,84.472,,14.403,26%,,6.243,11%,,3.990,7%,,55.872,66%,
E14000699,FAREHAM,Hampshire,South East,England,78.337,,36.459,64%,,10.373,18%,,8.006,14%,,57.250,73%,
E14000700,FAVERSHAM AND MID KENT,Kent,South East,England,73.403,,31.864,63%,,9.888,20%,,6.170,12%,,50.394,69%,
E14000701,FELTHAM AND HESTON,London,London,England,80.934,,17.017,36%,,24.876,52%,,3.127,7%,,47.811,59%,
N06000007,FERMANAGH AND SOUTH TYRONE,,Northern Ireland,Northern Ireland,72.848,,,,,,,,,,,50.762,70%,
E14000702,FILTON AND BRADLEY STOKE,Avon,South West,England,74.016,,26.293,49%,,20.647,38%,,4.992,9%,,53.752,73%,
E14000703,FINCHLEY AND GOLDERS GREEN,London,London,England,77.573,,24.162,44%,,13.347,24%,,17.600,32%,,55.109,71%,
E14000704,FOLKESTONE AND HYTHE,Kent,South East,England,88.272,,35.483,60%,,14.146,24%,,5.755,10%,,59.005,67%,
E14000705,FOREST OF DEAN,Gloucestershire,South West,England,71.438,,30.680,60%,,14.811,29%,,,,,51.475,72%,
N06000008,FOYLE,,Northern Ireland,Northern Ireland,74.346,,,,,,,,,,,47.144,63%,
E14000706,FYLDE,Lancashire,North West,England,66.847,,28.432,61%,,11.821,25%,,3.748,8%,,46.659,70%,
E14000707,GAINSBOROUGH,Lincolnshire,East Midlands,England,76.343,,33.893,66%,,10.926,21%,,5.157,10%,,51.046,67%,
E14000708,GARSTON AND HALEWOOD,Merseyside,North West,England,76.116,,6.954,13%,,38.578,72%,,3.324,6%,,53.326,70%,
E14000709,GATESHEAD,Tyne and Wear,North East,England,64.449,,13.250,35%,,20.450,54%,,2.792,7%,,38.145,59%,
E14000710,GEDLING,Nottinghamshire,East Midlands,England,71.366,,22.718,45%,,22.039,44%,,2.279,5%,,49.953,70%,
E14000711,GILLINGHAM AND RAINHAM,Kent,South East,England,73.549,,28.173,61%,,13.054,28%,,2.503,5%,,45.958,62%,
S14000029,GLASGOW CENTRAL,,Scotland,Scotland,69.230,,3.698,9%,,13.276,33%,,1.952,5%,,40.105,58%,
S14000030,GLASGOW EAST,,Scotland,Scotland,67.381,,5.709,15%,,12.791,33%,,1.626,4%,,38.483,57%,
S14000031,GLASGOW NORTH,,Scotland,Scotland,57.130,,3.806,11%,,11.381,31%,,2.394,7%,,36.191,63%,
S14000032,GLASGOW NORTH EAST,,Scotland,Scotland,61.075,,3.558,10%,,13.363,39%,,1.093,3%,,33.925,56%,
S14000033,GLASGOW NORTH WEST,,Scotland,Scotland,63.402,,6.022,15%,,11.319,28%,,2.716,7%,,39.735,63%,
S14000034,GLASGOW SOUTH,,Scotland,Scotland,70.891,,6.237,13%,,13.824,29%,,2.786,6%,,47.443,67%,
S14000035,GLASGOW SOUTH WEST,,Scotland,Scotland,64.575,,4.224,11%,,12.743,35%,,1.435,4%,,36.847,57%,
S14000036,GLENROTHES,,Scotland,Scotland,65.672,,6.920,17%,,9.477,23%,,2.639,6%,,41.546,63%,
E14000712,GLOUCESTER,Gloucestershire,South West,England,81.319,,29.159,54%,,18.882,35%,,4.338,8%,,53.764,66%,
S14000037,GORDON,,Scotland,Scotland,79.629,,23.066,41%,,3.052,5%,,5.913,11%,,55.916,70%,
E14000713,GOSPORT,Hampshire,South East,England,73.541,,32.226,67%,,8.948,18%,,5.473,11%,,48.453,66%,
W07000046,GOWER,West Glamorgan,Wales,Wales,61.762,,18.371,41%,,20.208,45%,,2.236,5%,,44.482,72%,
E14000714,GRANTHAM AND STAMFORD,Lincolnshire,East Midlands,England,81.502,,36.794,66%,,10.791,19%,,6.153,11%,,56.003,69%,
E14000715,GRAVESHAM,Kent,South East,England,73.242,,29.580,62%,,13.999,29%,,2.584,5%,,47.560,65%,
E14000716,GREAT GRIMSBY,Humberside,Yorkshire and The Humber,England,61.409,,18.150,55%,,10.819,33%,,1.070,3%,,33.087,54%,
E14000717,GREAT YARMOUTH,Norfolk,East,England,71.957,,28.593,66%,,10.930,25%,,1.661,4%,,43.462,60%,
E14000718,GREENWICH AND WOOLWICH,London,London,England,79.997,,11.721,22%,,30.185,57%,,7.253,14%,,53.120,66%,
E14000719,GUILDFORD,Surrey,South East,England,77.729,,26.317,45%,,4.515,8%,,22.980,39%,,58.651,75%,
E14000720,HACKNEY NORTH AND STOKE NEWINGTON,London,London,England,92.462,,6.784,12%,,39.972,70%,,4.283,8%,,56.864,61%,
E14000721,HACKNEY SOUTH AND SHOREDITCH,London,London,England,89.387,,5.899,11%,,39.884,73%,,4.853,9%,,54.439,61%,
E14000722,HALESOWEN AND ROWLEY REGIS,West Midlands,West Midlands,England,68.300,,25.607,60%,,13.533,32%,,1.738,4%,,42.345,62%,
E14000723,HALIFAX,West Yorkshire,Yorkshire and The Humber,England,71.887,,18.927,41%,,21.496,46%,,2.276,5%,,46.458,65%,
E14000724,HALTEMPRICE AND HOWDEN,Humberside,Yorkshire and The Humber,England,71.083,,31.045,62%,,10.716,22%,,5.215,10%,,49.779,70%,
E14000725,HALTON,Cheshire,North West,England,71.930,,10.358,22%,,29.333,63%,,1.800,4%,,46.203,64%,
E14000726,HAMMERSMITH,London,London,England,74.759,,12.227,24%,,30.074,58%,,6.947,13%,,51.966,70%,
E14000727,HAMPSTEAD AND KILBURN,London,London,England,86.571,,13.892,24%,,28.080,49%,,13.121,23%,,57.385,66%,
E14000728,HARBOROUGH,Leicestershire,East Midlands,England,80.151,,31.698,55%,,14.420,25%,,9.103,16%,,57.319,72%,
E14000729,HARLOW,Essex,East,England,68.078,,27.510,63%,,13.447,31%,,2.397,6%,,43.354,64%,
E14000730,HARROGATE AND KNARESBOROUGH,North Yorkshire,Yorkshire and The Humber,England,77.941,,29.962,53%,,5.480,10%,,20.287,36%,,56.937,73%,
E14000731,HARROW EAST,London,London,England,72.106,,26.935,54%,,18.765,38%,,3.791,8%,,49.491,69%,
E14000732,HARROW WEST,London,London,England,72.464,,16.440,34%,,25.132,52%,,4.310,9%,,47.922,66%,
E14000733,HARTLEPOOL,Cleveland,North East,England,70.855,,11.869,29%,,15.464,38%,,1.696,4%,,41.037,58%,
E14000734,HARWICH AND NORTH ESSEX,Essex,East,England,74.153,,31.830,61%,,11.648,22%,,5.866,11%,,51.963,70%,
E14000735,HASTINGS AND RYE,East Sussex,South East,England,80.524,,26.896,50%,,22.853,42%,,3.960,7%,,54.274,67%,
E14000736,HAVANT,Hampshire,South East,England,72.103,,30.051,65%,,8.259,18%,,5.708,12%,,45.959,64%,
E14000737,HAYES AND HARLINGTON,London,London,England,72.357,,15.284,35%,,24.545,56%,,1.947,4%,,43.994,61%,
E14000738,HAZEL GROVE,Greater Manchester,North West,England,63.346,,21.592,49%,,5.508,12%,,17.169,39%,,44.269,70%,
E14000739,HEMEL HEMPSTEAD,Hertfordshire,East,England,74.035,,28.968,56%,,14.405,28%,,6.317,12%,,51.271,69%,
E14000740,HEMSWORTH,West Yorkshire,Yorkshire and The Humber,England,73.726,,15.280,35%,,16.460,37%,,1.734,4%,,43.907,60%,
E14000741,HENDON,London,London,England,82.661,,26.878,49%,,22.648,41%,,4.628,8%,,55.075,67%,
E14000742,HENLEY,Oxfordshire,South East,England,76.646,,32.189,55%,,5.698,10%,,18.136,31%,,58.759,77%,
E14000743,HEREFORD AND SOUTH HEREFORDSHIRE,Hereford and Worcester,West Midlands,England,72.085,,30.390,61%,,10.704,22%,,6.181,12%,,49.646,69%,
E14000744,HERTFORD AND STORTFORD,Hertfordshire,East,England,81.765,,33.712,56%,,14.092,23%,,8.596,14%,,60.094,73%,
E14000745,HERTSMERE,Hertfordshire,East,England,73.971,,32.651,63%,,11.338,22%,,6.561,13%,,52.203,71%,
E14000746,HEXHAM,Northumberland,North East,England,61.324,,25.152,55%,,14.603,32%,,4.672,10%,,46.150,75%,
E14000747,HEYWOOD AND MIDDLETON,Greater Manchester,North West,England,80.162,,20.453,43%,,19.790,42%,,2.073,4%,,47.488,59%,
E14000748,HIGH PEAK,Derbyshire,East Midlands,England,74.265,,24.844,46%,,24.254,45%,,2.750,5%,,54.173,73%,
E14000749,HITCHIN AND HARPENDEN,Hertfordshire,East,England,76.323,,27.719,47%,,9.959,17%,,20.824,35%,,58.871,77%,
E14000750,HOLBORN AND ST PANCRAS,London,London,England,86.061,,8.878,16%,,36.641,65%,,7.314,13%,,56.786,66%,
E14000751,HORNCHURCH AND UPMINSTER,London,London,England,80.765,,35.495,66%,,12.187,23%,,3.862,7%,,53.974,67%,
E14000752,HORNSEY AND WOOD GREEN,London,London,England,81.814,,6.829,11%,,35.126,57%,,15.884,26%,,61.105,75%,
E14000753,HORSHAM,West Sussex,South East,England,86.730,,35.900,57%,,9.424,15%,,14.773,23%,,63.242,73%,
E14000754,HOUGHTON AND SUNDERLAND SOUTH,Tyne and Wear,North East,England,68.835,,13.095,33%,,16.210,41%,,2.319,6%,,39.811,58%,
E14000755,HOVE,East Sussex,South East,England,74.313,,15.832,28%,,32.876,58%,,3.731,7%,,56.391,76%,
E14000756,HUDDERSFIELD,West Yorkshire,Yorkshire and The Humber,England,65.525,,15.572,37%,,20.509,49%,,2.367,6%,,41.882,64%,
E14000757,HUNTINGDON,Cambridgeshire,East,England,84.657,,32.386,55%,,13.003,22%,,9.432,16%,,59.147,70%,
E14000758,HYNDBURN,Lancashire,North West,England,70.842,,20.565,48%,,17.614,42%,,1.226,3%,,42.406,60%,
E14000759,ILFORD NORTH,London,London,England,72.973,,20.105,40%,,25.323,51%,,2.680,5%,,50.114,69%,
E14000760,ILFORD SOUTH,London,London,England,84.972,,10.984,21%,,35.085,66%,,1.795,3%,,53.477,63%,
S14000038,INVERCLYDE,,Scotland,Scotland,60.622,,6.265,16%,,11.783,30%,,2.560,6%,,39.903,66%,
S14000039,"INVERNESS, NAIRN, BADENOCH AND STRATHSPEY",,Scotland,Scotland,78.059,,15.807,29%,,4.123,8%,,5.846,11%,,54.810,70%,
E14000761,IPSWICH,Suffolk,East,England,75.525,,24.952,50%,,19.473,39%,,2.439,5%,,49.579,66%,
E14000762,ISLE OF WIGHT,Isle of Wight,South East,England,113.021,,41.815,56%,,18.078,24%,,,,,74.442,66%,
E14000763,ISLINGTON NORTH,London,London,England,75.162,,5.483,10%,,34.603,64%,,8.415,16%,,53.805,72%,
E14000764,ISLINGTON SOUTH AND FINSBURY,London,London,England,70.489,,8.045,17%,,26.897,56%,,9.569,20%,,47.816,68%,
W07000077,ISLWYN,Gwent and Mid Glamorgan,Wales,Wales,55.423,,9.892,29%,,15.356,45%,,1.313,4%,,34.350,62%,
E14000765,JARROW,Tyne and Wear,North East,England,65.103,,11.243,28%,,18.363,45%,,2.360,6%,,40.736,63%,
E14000766,KEIGHLEY,West Yorkshire,Yorkshire and The Humber,England,72.778,,25.298,48%,,23.080,44%,,2.573,5%,,52.600,72%,
E14000767,KENILWORTH AND SOUTHAM,Warwickshire,West Midlands,England,68.154,,30.351,58%,,9.440,18%,,9.998,19%,,52.597,77%,
E14000768,KENSINGTON,London,London,England,64.609,,16.768,38%,,16.618,38%,,9.312,21%,,43.762,68%,
E14000769,KETTERING,Northamptonshire,East Midlands,England,73.164,,29.787,60%,,13.022,26%,,3.367,7%,,49.361,67%,
S14000040,KILMARNOCK AND LOUDOUN,,Scotland,Scotland,74.517,,11.557,24%,,9.009,19%,,2.444,5%,,47.631,64%,
E14000770,KINGSTON AND SURBITON,London,London,England,81.975,,20.614,34%,,6.528,11%,,31.103,51%,,60.846,74%,
E14000771,KINGSTON UPON HULL EAST,Humberside,Yorkshire and The Humber,England,65.745,,11.474,35%,,12.713,39%,,1.707,5%,,32.442,49%,
E14000772,KINGSTON UPON HULL NORTH,Humberside,Yorkshire and The Humber,England,65.515,,9.440,28%,,17.033,50%,,2.084,6%,,34.203,52%,
E14000773,KINGSTON UPON HULL WEST AND HESSLE,Humberside,Yorkshire and The Humber,England,60.192,,10.528,34%,,13.384,43%,,1.756,6%,,31.356,52%,
E14000774,KINGSWOOD,Avon,South West,England,68.972,,27.712,56%,,16.492,33%,,3.421,7%,,49.314,71%,
S14000041,KIRKCALDY AND COWDENBEATH,,Scotland,Scotland,72.853,,9.449,20%,,15.325,33%,,2.903,6%,,47.005,65%,
E14000775,KNOWSLEY,Merseyside,North West,England,84.082,,4.432,8%,,44.374,81%,,1.117,2%,,54.938,65%,
N06000009,LAGAN VALLEY,,Northern Ireland,Northern Ireland,75.735,,955,2%,,,,,,,,45.405,60%,
S14000042,LANARK AND HAMILTON EAST,,Scotland,Scotland,77.659,,17.056,32%,,10.736,20%,,3.037,6%,,53.072,68%,
E14000776,LANCASTER AND FLEETWOOD,Lancashire,North West,England,70.059,,18.804,42%,,21.184,47%,,2.018,4%,,45.219,65%,
E14000777,LEEDS CENTRAL,West Yorkshire,Yorkshire and The Humber,England,90.971,,11.143,23%,,30.413,62%,,2.343,5%,,49.284,54%,
E14000778,LEEDS EAST,West Yorkshire,Yorkshire and The Humber,England,67.286,,13.933,36%,,19.464,50%,,1.796,5%,,39.052,58%,
E14000779,LEEDS NORTH EAST,West Yorkshire,Yorkshire and The Humber,England,70.580,,11.935,24%,,29.024,57%,,5.665,11%,,50.500,72%,
E14000780,LEEDS NORTH WEST,West Yorkshire,Yorkshire and The Humber,England,67.741,,13.222,27%,,23.971,49%,,9.397,19%,,49.283,73%,
E14000781,LEEDS WEST,West Yorkshire,Yorkshire and The Humber,England,67.727,,11.622,29%,,22.186,55%,,1.787,4%,,40.281,59%,
E14000782,LEICESTER EAST,Leicestershire,East Midlands,England,78.433,,19.071,39%,,25.090,51%,,2.800,6%,,49.421,63%,
E14000783,LEICESTER SOUTH,Leicestershire,East Midlands,England,77.708,,10.931,22%,,33.606,67%,,2.754,5%,,50.147,65%,
E14000784,LEICESTER WEST,Leicestershire,East Midlands,England,64.940,,13.079,38%,,17.291,50%,,1.808,5%,,34.775,54%,
E14000785,LEIGH,Greater Manchester,North West,England,77.417,,21.266,45%,,19.301,41%,,2.252,5%,,46.979,61%,
E14000786,LEWES,East Sussex,South East,England,71.503,,26.268,48%,,3.206,6%,,23.811,43%,,54.851,77%,
E14000789,"LEWISHAM, DEPTFORD",London,London,England,80.631,,6.303,11%,,39.216,71%,,5.774,10%,,55.368,69%,
E14000787,LEWISHAM EAST,London,London,England,67.857,,9.653,22%,,26.661,59%,,5.039,11%,,44.815,66%,
E14000788,LEWISHAM WEST AND PENGE,London,London,England,74.617,,10.317,20%,,31.860,61%,,6.260,12%,,52.100,70%,
E14000790,LEYTON AND WANSTEAD,London,London,England,64.852,,8.028,18%,,28.836,65%,,4.666,10%,,44.547,69%,
E14000791,LICHFIELD,Staffordshire,West Midlands,England,76.616,,34.844,65%,,11.206,21%,,5.632,10%,,53.993,70%,
E14000792,LINCOLN,Lincolnshire,East Midlands,England,74.942,,24.267,48%,,20.753,41%,,2.422,5%,,50.629,68%,
S14000043,LINLITHGOW AND EAST FALKIRK,,Scotland,Scotland,87.044,,14.285,25%,,10.517,18%,,4.393,8%,,57.775,66%,
E14000793,"LIVERPOOL, RIVERSIDE",Merseyside,North West,England,80.310,,4.127,8%,,41.170,78%,,2.696,5%,,52.789,66%,
E14000794,"LIVERPOOL, WALTON",Merseyside,North West,England,62.628,,4.018,10%,,34.538,85%,,756,2%,,40.786,65%,
E14000795,"LIVERPOOL, WAVERTREE",Merseyside,North West,England,63.458,,4.225,10%,,31.310,72%,,4.055,9%,,43.377,68%,
E14000796,"LIVERPOOL, WEST DERBY",Merseyside,North West,England,65.640,,4.133,9%,,34.117,78%,,1.296,3%,,43.989,67%,
S14000044,LIVINGSTON,,Scotland,Scotland,82.285,,12.182,22%,,11.915,22%,,3.457,6%,,54.592,66%,
W07000045,LLANELLI,Dyfed,Wales,Wales,60.518,,11.455,30%,,16.125,42%,,,,,38.233,63%,
E14000797,LOUGHBOROUGH,Leicestershire,East Midlands,England,79.764,,27.954,51%,,20.785,38%,,4.153,8%,,54.631,68%,
E14000798,LOUTH AND HORNCASTLE,Lincolnshire,East Midlands,England,79.634,,38.021,73%,,9.153,17%,,4.114,8%,,52.332,66%,
E14000799,LUDLOW,Shropshire,West Midlands,England,69.444,,32.185,64%,,7.591,15%,,8.537,17%,,50.225,72%,
E14000800,LUTON NORTH,Bedfordshire,East,England,68.185,,14.249,33%,,23.496,55%,,2.063,5%,,42.589,62%,
E14000801,LUTON SOUTH,Bedfordshire,East,England,69.338,,13.031,31%,,21.787,52%,,,,,42.064,61%,
E14000802,MACCLESFIELD,Cheshire,North West,England,76.216,,28.292,53%,,17.581,33%,,5.684,11%,,53.867,71%,
E14000803,MAIDENHEAD,Berkshire,South East,England,76.668,,32.620,58%,,7.882,14%,,13.774,24%,,56.492,74%,
E14000804,MAIDSTONE AND THE WEALD,Kent,South East,England,76.109,,31.220,60%,,9.448,18%,,8.482,16%,,51.680,68%,
E14000805,MAKERFIELD,Greater Manchester,North West,England,74.190,,15.214,34%,,19.954,45%,,2.108,5%,,44.259,60%,
E14000806,MALDON,Essex,East,England,72.438,,36.304,72%,,6.263,12%,,5.990,12%,,50.408,70%,
E14000807,MANCHESTER CENTRAL,Greater Manchester,North West,England,92.247,,7.734,15%,,36.823,70%,,3.420,7%,,52.289,57%,
E14000808,"MANCHESTER, GORTON",Greater Manchester,North West,England,76.419,,4.244,10%,,34.583,78%,,2.448,5%,,44.545,58%,
E14000809,"MANCHESTER, WITHINGTON",Greater Manchester,North West,England,76.530,,5.820,11%,,35.902,68%,,7.997,15%,,52.995,69%,
E14000810,MANSFIELD,Nottinghamshire,East Midlands,England,77.131,,31.484,64%,,15.178,31%,,1.626,3%,,49.273,64%,
E14000811,MEON VALLEY,Hampshire,South East,England,75.737,,35.271,64%,,5.644,10%,,11.716,21%,,54.829,72%,
E14000812,MERIDEN,West Midlands,West Midlands,England,85.368,,34.358,63%,,11.522,21%,,5.614,10%,,54.161,63%,
W07000071,MERTHYR TYDFIL AND RHYMNEY,Gwent and Mid Glamorgan,Wales,Wales,56.322,,6.307,20%,,16.913,52%,,1.116,3%,,32.246,57%,
E14000813,MID BEDFORDSHIRE,Bedfordshire,East,England,87.795,,38.692,60%,,14.028,22%,,8.171,13%,,64.717,74%,
E14000814,MID DERBYSHIRE,Derbyshire,East Midlands,England,67.442,,29.027,59%,,13.642,28%,,4.756,10%,,49.356,73%,
E14000819,MIDDLESBROUGH,Cleveland,North East,England,60.764,,8.812,26%,,17.207,50%,,816,2%,,34.097,56%,
E14000820,MIDDLESBROUGH SOUTH AND EAST CLEVELAND,Cleveland,North East,England,72.348,,28.135,59%,,16.509,35%,,1.953,4%,,47.817,66%,
E14000815,MID DORSET AND NORTH POOLE,Dorset,South West,England,65.427,,29.548,60%,,3.402,7%,,14.650,30%,,48.930,75%,
S14000045,MIDLOTHIAN,,Scotland,Scotland,70.544,,10.467,22%,,14.328,30%,,3.393,7%,,48.221,68%,
E14000816,MID NORFOLK,Norfolk,East,England,82.203,,35.051,62%,,12.457,22%,,7.739,14%,,56.186,68%,
E14000817,MID SUSSEX,West Sussex,South East,England,85.146,,33.455,53%,,11.218,18%,,15.258,24%,,62.762,74%,
N06000010,MID ULSTER,,Northern Ireland,Northern Ireland,70.449,,,,,,,,,,,44.620,63%,
E14000818,MID WORCESTERSHIRE,Hereford and Worcester,West Midlands,England,78.220,,37.426,67%,,9.408,17%,,6.474,12%,,56.123,72%,
E14000821,MILTON KEYNES NORTH,Buckinghamshire,South East,England,91.545,,30.938,49%,,24.683,39%,,4.991,8%,,62.543,68%,
E14000822,MILTON KEYNES SOUTH,Buckinghamshire,South East,England,96.363,,32.011,50%,,25.067,39%,,4.688,7%,,64.007,66%,
E14000823,MITCHAM AND MORDEN,London,London,England,70.021,,11.482,25%,,27.964,61%,,3.717,8%,,45.741,65%,
E14000824,MOLE VALLEY,Surrey,South East,England,74.665,,31.656,55%,,2.965,5%,,19.615,34%,,57.110,76%,
W07000054,MONMOUTH,Gwent and Mid Glamorgan,Wales,Wales,67.098,,26.160,52%,,16.178,32%,,4.909,10%,,50.217,75%,
W07000063,MONTGOMERYSHIRE,Powys,Wales,Wales,48.997,,20.020,59%,,5.585,16%,,7.882,23%,,34.214,70%,
S14000046,MORAY,,Scotland,Scotland,71.035,,22.112,45%,,2.432,5%,,2.269,5%,,48.825,69%,
E14000825,MORECAMBE AND LUNESDALE,Lancashire,North West,England,67.397,,23.925,53%,,17.571,39%,,2.328,5%,,45.310,67%,
E14000826,MORLEY AND OUTWOOD,West Yorkshire,Yorkshire and The Humber,England,78.803,,29.424,57%,,18.157,35%,,2.285,4%,,51.930,66%,
S14000047,MOTHERWELL AND WISHAW,,Scotland,Scotland,68.856,,7.150,16%,,14.354,32%,,1.675,4%,,44.420,65%,
S14000027,NA H-EILEANAN AN IAR,,Scotland,Scotland,21.106,,3.216,22%,,4.093,28%,,637,4%,,14.477,69%,
W07000069,NEATH,West Glamorgan,Wales,Wales,56.419,,10.283,28%,,15.920,43%,,1.485,4%,,36.756,65%,
E14000829,NEWARK,Nottinghamshire,East Midlands,England,75.850,,34.660,63%,,12.844,23%,,5.308,10%,,54.762,72%,
E14000830,NEWBURY,Berkshire,South East,England,83.414,,34.431,57%,,4.404,7%,,18.384,31%,,59.998,72%,
E14000834,NEWCASTLE-UNDER-LYME,Staffordshire,West Midlands,England,68.211,,23.485,52%,,16.039,36%,,2.361,5%,,44.739,66%,
E14000831,NEWCASTLE UPON TYNE CENTRAL,Tyne and Wear,North East,England,57.845,,9.290,25%,,21.568,58%,,2.709,7%,,37.474,65%,
E14000832,NEWCASTLE UPON TYNE EAST,Tyne and Wear,North East,England,63.796,,10.586,24%,,26.049,60%,,4.535,10%,,43.365,68%,
E14000833,NEWCASTLE UPON TYNE NORTH,Tyne and Wear,North East,England,68.486,,15.589,33%,,21.354,45%,,4.357,9%,,46.999,69%,
E14000827,NEW FOREST EAST,Hampshire,South East,England,73.549,,32.769,65%,,7.518,15%,,7.390,15%,,50.786,69%,
E14000828,NEW FOREST WEST,Hampshire,South East,England,70.869,,32.113,64%,,6.595,13%,,7.710,15%,,50.306,71%,
W07000055,NEWPORT EAST,Gwent and Mid Glamorgan,Wales,Wales,58.554,,14.133,39%,,16.125,44%,,2.121,6%,,36.282,62%,
W07000056,NEWPORT WEST,Gwent and Mid Glamorgan,Wales,Wales,66.657,,18.075,42%,,18.977,44%,,2.565,6%,,43.433,65%,
N06000011,NEWRY AND ARMAGH,,Northern Ireland,Northern Ireland,81.226,,,,,,,,,,,50.779,63%,
E14000835,NEWTON ABBOT,Devon,South West,England,72.529,,29.190,56%,,9.329,18%,,11.689,22%,,52.556,72%,
E14000836,"NORMANTON, PONTEFRACT AND CASTLEFORD",West Yorkshire,Yorkshire and The Humber,England,84.527,,17.021,35%,,18.297,38%,,3.147,7%,,48.259,57%,
E14000861,NORTHAMPTON NORTH,Northamptonshire,East Midlands,England,58.768,,21.031,53%,,15.524,39%,,2.031,5%,,39.539,67%,
E14000862,NORTHAMPTON SOUTH,Northamptonshire,East Midlands,England,62.163,,20.914,51%,,16.217,40%,,2.482,6%,,40.835,66%,
N06000012,NORTH ANTRIM,,Northern Ireland,Northern Ireland,77.134,,,,,,,,,,,44.051,57%,
S14000048,NORTH AYRSHIRE AND ARRAN,,Scotland,Scotland,73.534,,14.855,31%,,6.702,14%,,2.107,4%,,48.154,65%,
E14000837,NORTH CORNWALL,Cornwall,South West,England,69.935,,30.671,59%,,4.516,9%,,15.919,31%,,51.678,74%,
E14000838,NORTH DEVON,Devon,South West,England,75.859,,31.479,57%,,5.097,9%,,16.666,30%,,55.581,73%,
E14000839,NORTH DORSET,Dorset,South West,England,76.765,,35.705,64%,,6.737,12%,,11.404,20%,,56.107,73%,
N06000013,NORTH DOWN,,Northern Ireland,Northern Ireland,67.099,,1.959,5%,,,,,,,,40.643,61%,
E14000840,NORTH DURHAM,Durham,North East,England,66.796,,13.897,33%,,18.639,44%,,2.879,7%,,42.195,63%,
E14000841,NORTH EAST BEDFORDSHIRE,Bedfordshire,East,England,90.678,,38.443,59%,,14.160,22%,,7.999,12%,,65.018,72%,
E14000842,NORTH EAST CAMBRIDGESHIRE,Cambridgeshire,East,England,83.699,,38.423,73%,,8.430,16%,,4.298,8%,,52.964,63%,
E14000843,NORTH EAST DERBYSHIRE,Derbyshire,East Midlands,England,72.345,,28.897,59%,,16.021,33%,,3.021,6%,,49.217,68%,
S14000049,NORTH EAST FIFE,,Scotland,Scotland,60.905,,5.961,13%,,1.707,4%,,19.763,43%,,45.878,75%,
E14000844,NORTH EAST HAMPSHIRE,Hampshire,South East,England,78.954,,35.280,60%,,5.760,10%,,15.069,25%,,59.270,75%,
E14000845,NORTH EAST HERTFORDSHIRE,Hertfordshire,East,England,76.123,,31.293,57%,,13.104,24%,,8.563,15%,,55.327,73%,
E14000846,NORTH EAST SOMERSET,Avon,South West,England,73.692,,28.360,50%,,13.631,24%,,12.422,22%,,56.308,76%,
E14000847,NORTH HEREFORDSHIRE,Hereford and Worcester,West Midlands,England,70.252,,32.158,63%,,6.804,13%,,7.302,14%,,51.033,73%,
E14000848,NORTH NORFOLK,Norfolk,East,England,70.729,,29.792,59%,,3.895,8%,,15.397,30%,,50.823,72%,
E14000849,NORTH SHROPSHIRE,Shropshire,West Midlands,England,83.258,,35.444,63%,,12.495,22%,,5.643,10%,,56.513,68%,
E14000850,NORTH SOMERSET,Avon,South West,England,80.194,,32.801,53%,,15.265,25%,,11.051,18%,,62.055,77%,
E14000851,NORTH SWINDON,Wiltshire,South West,England,82.441,,32.584,59%,,16.413,30%,,4.408,8%,,55.115,67%,
E14000852,NORTH THANET,Kent,South East,England,72.756,,30.066,62%,,12.877,27%,,3.439,7%,,48.178,66%,
E14000853,NORTH TYNESIDE,Tyne and Wear,North East,England,78.902,,15.490,31%,,25.051,50%,,3.241,6%,,50.429,64%,
E14000854,NORTH WARWICKSHIRE,Warwickshire,West Midlands,England,70.271,,30.249,66%,,12.293,27%,,2.069,5%,,45.914,65%,
E14000855,NORTH WEST CAMBRIDGESHIRE,Cambridgeshire,East,England,94.909,,40.307,62%,,14.324,22%,,6.881,11%,,64.533,68%,
E14000856,NORTH WEST DURHAM,Durham,North East,England,72.166,,19.990,42%,,18.846,40%,,2.831,6%,,47.663,66%,
E14000857,NORTH WEST HAMPSHIRE,Hampshire,South East,England,83.083,,36.591,62%,,9.327,16%,,10.283,17%,,58.918,71%,
E14000858,NORTH WEST LEICESTERSHIRE,Leicestershire,East Midlands,England,78.935,,33.811,63%,,13.411,25%,,3.614,7%,,53.821,68%,
E14000859,NORTH WEST NORFOLK,Norfolk,East,England,72.080,,30.627,66%,,10.705,23%,,3.625,8%,,46.602,65%,
E14000860,NORTH WILTSHIRE,Wiltshire,South West,England,73.280,,32.373,59%,,5.699,10%,,14.747,27%,,54.758,75%,
E14000863,NORWICH NORTH,Norfolk,East,England,67.172,,23.397,51%,,18.659,40%,,2.663,6%,,46.285,69%,
E14000864,NORWICH SOUTH,Norfolk,East,England,77.845,,15.006,29%,,27.766,54%,,4.776,9%,,51.673,66%,
E14000865,NOTTINGHAM EAST,Nottinghamshire,East Midlands,England,66.262,,8.342,21%,,25.735,64%,,1.954,5%,,40.004,60%,
E14000866,NOTTINGHAM NORTH,Nottinghamshire,East Midlands,England,66.495,,12.847,36%,,17.337,49%,,1.582,4%,,35.320,53%,
E14000867,NOTTINGHAM SOUTH,Nottinghamshire,East Midlands,England,79.485,,14.018,29%,,26.586,55%,,3.935,8%,,48.134,61%,
E14000868,NUNEATON,Warwickshire,West Midlands,England,70.226,,27.390,61%,,14.246,32%,,1.862,4%,,45.190,64%,
S14000050,OCHIL AND SOUTH PERTHSHIRE,,Scotland,Scotland,78.776,,22.384,39%,,4.961,9%,,3.204,6%,,57.813,73%,
W07000074,OGMORE,Gwent and Mid Glamorgan,Wales,Wales,57.581,,9.797,28%,,17.602,50%,,1.460,4%,,35.390,61%,
E14000869,OLD BEXLEY AND SIDCUP,London,London,England,66.104,,29.786,65%,,10.834,23%,,3.822,8%,,46.145,70%,
E14000870,OLDHAM EAST AND SADDLEWORTH,Greater Manchester,North West,England,72.120,,18.589,40%,,20.088,44%,,2.423,5%,,46.164,64%,
E14000871,OLDHAM WEST AND ROYTON,Greater Manchester,North West,England,72.999,,13.452,30%,,24.579,55%,,1.484,3%,,44.434,61%,
S14000051,ORKNEY AND SHETLAND,,Scotland,Scotland,34.211,,2.287,10%,,1.550,7%,,10.381,45%,,23.160,68%,
E14000872,ORPINGTON,London,London,England,68.877,,30.882,63%,,8.504,17%,,7.552,16%,,48.721,71%,
E14000873,OXFORD EAST,Oxfordshire,South East,England,78.303,,10.303,21%,,28.135,57%,,6.884,14%,,49.359,63%,
E14000874,OXFORD WEST AND ABINGDON,Oxfordshire,South East,England,76.951,,22.397,38%,,4.258,7%,,31.340,53%,,58.824,76%,
S14000052,PAISLEY AND RENFREWSHIRE NORTH,,Scotland,Scotland,72.007,,11.217,23%,,11.451,23%,,3.661,7%,,49.682,69%,
S14000053,PAISLEY AND RENFREWSHIRE SOUTH,,Scotland,Scotland,64.385,,7.571,18%,,10.958,25%,,2.918,7%,,43.084,67%,
E14000875,PENDLE,Lancashire,North West,England,65.292,,24.076,54%,,17.890,40%,,1.548,3%,,44.460,68%,
E14000876,PENISTONE AND STOCKSBRIDGE,South Yorkshire,Yorkshire and The Humber,England,70.925,,23.688,48%,,16.478,33%,,5.054,10%,,49.520,70%,
E14000877,PENRITH AND THE BORDER,Cumbria,North West,England,67.555,,28.875,60%,,10.356,22%,,5.364,11%,,47.824,71%,
S14000054,PERTH AND NORTH PERTHSHIRE,,Scotland,Scotland,72.600,,19.812,37%,,2.471,5%,,3.780,7%,,54.076,74%,
E14000878,PETERBOROUGH,Cambridgeshire,East,England,72.560,,22.334,47%,,19.754,41%,,2.334,5%,,47.801,66%,
E14000879,"PLYMOUTH, MOOR VIEW",Devon,South West,England,69.430,,26.831,61%,,13.934,31%,,2.301,5%,,44.239,64%,
E14000880,"PLYMOUTH, SUTTON AND DEVONPORT",Devon,South West,England,77.852,,20.704,39%,,25.461,48%,,2.545,5%,,53.176,68%,
W07000075,PONTYPRIDD,Gwent and Mid Glamorgan,Wales,Wales,60.327,,11.494,29%,,17.381,44%,,,,,39.060,65%,
E14000881,POOLE,Dorset,South West,England,73.989,,29.599,59%,,10.483,21%,,7.819,15%,,50.451,68%,
E14000882,POPLAR AND LIMEHOUSE,London,London,England,91.836,,9.756,16%,,38.660,63%,,8.832,14%,,61.276,67%,
E14000883,PORTSMOUTH NORTH,Hampshire,South East,England,71.299,,28.172,61%,,12.392,27%,,3.419,7%,,45.910,64%,
E14000884,PORTSMOUTH SOUTH,Hampshire,South East,England,74.186,,17.705,37%,,23.068,49%,,5.418,11%,,47.425,64%,
W07000065,PRESELI PEMBROKESHIRE,Dyfed,Wales,Wales,59.606,,21.381,50%,,16.319,38%,,1.943,5%,,42.419,71%,
E14000885,PRESTON,Lancashire,North West,England,59.672,,8.724,26%,,20.870,62%,,1.737,5%,,33.790,57%,
E14000886,PUDSEY,West Yorkshire,Yorkshire and The Humber,England,73.212,,26.453,49%,,22.936,42%,,3.088,6%,,54.215,74%,
E14000887,PUTNEY,London,London,England,65.556,,18.006,36%,,22.780,45%,,8.548,17%,,50.467,77%,
E14000888,RAYLEIGH AND WICKFORD,Essex,East,England,78.930,,39.864,73%,,8.864,16%,,4.171,8%,,54.901,70%,
E14000889,READING EAST,Berkshire,South East,England,77.152,,21.178,38%,,27.102,48%,,5.035,9%,,55.918,72%,
E14000890,READING WEST,Berkshire,South East,England,74.137,,24.393,48%,,20.276,40%,,4.460,9%,,50.392,68%,
E14000891,REDCAR,Cleveland,North East,England,65.864,,18.811,46%,,15.284,37%,,2.018,5%,,40.842,62%,
E14000892,REDDITCH,Hereford and Worcester,West Midlands,England,65.391,,27.907,63%,,11.871,27%,,2.905,7%,,44.067,67%,
E14000893,REIGATE,Surrey,South East,England,74.242,,28.665,54%,,10.355,19%,,10.320,19%,,53.156,72%,
W07000052,RHONDDA,Gwent and Mid Glamorgan,Wales,Wales,50.262,,4.675,16%,,16.115,54%,,612,2%,,29.642,59%,
E14000894,RIBBLE VALLEY,Lancashire,North West,England,79.247,,33.346,60%,,14.907,27%,,4.776,9%,,55.284,70%,
E14000896,RICHMOND PARK,London,London,England,82.699,,26.793,41%,,3.407,5%,,34.559,53%,,65.067,79%,
E14000895,RICHMOND (YORKS),North Yorkshire,Yorkshire and The Humber,England,82.569,,36.693,64%,,9.483,16%,,6.989,12%,,57.703,70%,
E14000897,ROCHDALE,Greater Manchester,North West,England,78.909,,14.807,31%,,24.475,52%,,3.312,7%,,47.447,60%,
E14000898,ROCHESTER AND STROOD,Kent,South East,England,82.056,,31.151,60%,,14.079,27%,,3.717,7%,,51.926,63%,
E14000899,ROCHFORD AND SOUTHEND EAST,Essex,East,England,75.624,,27.063,59%,,14.777,32%,,2.822,6%,,46.136,61%,
E14000900,ROMFORD,London,London,England,72.350,,30.494,65%,,12.601,27%,,2.708,6%,,47.231,65%,
E14000901,ROMSEY AND SOUTHAMPTON NORTH,Hampshire,South East,England,68.228,,27.862,54%,,5.898,11%,,16.990,33%,,51.390,75%,
E14000902,ROSSENDALE AND DARWEN,Lancashire,North West,England,72.770,,27.570,56%,,18.048,37%,,2.011,4%,,48.822,67%,
S14000055,"ROSS, SKYE AND LOCHABER",,Scotland,Scotland,54.230,,6.900,17%,,2.448,6%,,9.820,25%,,39.869,74%,
E14000904,ROTHERHAM,South Yorkshire,Yorkshire and The Humber,England,61.688,,11.615,33%,,14.736,41%,,2.090,6%,,35.651,58%,
E14000903,ROTHER VALLEY,South Yorkshire,Yorkshire and The Humber,England,74.804,,21.970,45%,,15.652,32%,,2.553,5%,,48.698,65%,
E14000905,RUGBY,Warwickshire,West Midlands,England,72.292,,29.255,58%,,15.808,31%,,4.207,8%,,50.814,70%,
E14000906,"RUISLIP, NORTHWOOD AND PINNER",London,London,England,72.816,,29.391,56%,,12.997,25%,,7.986,15%,,52.904,73%,
E14000907,RUNNYMEDE AND WEYBRIDGE,Surrey,South East,England,77.196,,29.262,55%,,10.992,21%,,9.236,17%,,53.289,69%,
E14000908,RUSHCLIFFE,Nottinghamshire,East Midlands,England,77.047,,28.765,48%,,21.122,35%,,9.600,16%,,60.505,79%,
S14000056,RUTHERGLEN AND HAMILTON WEST,,Scotland,Scotland,80.918,,8.054,15%,,18.545,34%,,2.791,5%,,53.794,66%,
E14000909,RUTLAND AND MELTON,Leicestershire,East Midlands,England,82.705,,36.507,63%,,9.583,16%,,7.970,14%,,58.310,71%,
E14000910,SAFFRON WALDEN,Essex,East,England,87.017,,39.714,63%,,8.305,13%,,12.120,19%,,63.086,72%,
E14000911,SALFORD AND ECCLES,Greater Manchester,North West,England,82.202,,12.428,25%,,28.755,57%,,3.099,6%,,50.632,62%,
E14000912,SALISBURY,Wiltshire,South West,England,74.556,,30.280,56%,,9.675,18%,,10.544,20%,,53.730,72%,
E14000913,SCARBOROUGH AND WHITBY,North Yorkshire,Yorkshire and The Humber,England,74.404,,27.593,55%,,17.323,35%,,3.038,6%,,49.724,67%,
E14000914,SCUNTHORPE,Humberside,Yorkshire and The Humber,England,61.955,,20.306,54%,,13.855,37%,,875,2%,,37.750,61%,
E14000915,SEDGEFIELD,Durham,North East,England,64.325,,19.609,47%,,15.096,36%,,1.955,5%,,41.566,65%,
E14000916,SEFTON CENTRAL,Merseyside,North West,England,69.760,,14.132,28%,,29.254,57%,,3.386,7%,,50.880,73%,
E14000917,SELBY AND AINSTY,North Yorkshire,Yorkshire and The Humber,England,78.398,,33.995,60%,,13.858,25%,,4.842,9%,,56.418,72%,
E14000918,SEVENOAKS,Kent,South East,England,71.757,,30.932,61%,,6.946,14%,,10.114,20%,,50.956,71%,
E14000921,"SHEFFIELD, BRIGHTSIDE AND HILLSBOROUGH",South Yorkshire,Yorkshire and The Humber,England,69.333,,10.095,25%,,22.369,56%,,1.517,4%,,39.600,57%,
E14000919,SHEFFIELD CENTRAL,South Yorkshire,Yorkshire and The Humber,England,89.849,,6.695,13%,,33.968,67%,,3.237,6%,,50.913,57%,
E14000922,"SHEFFIELD, HALLAM",South Yorkshire,Yorkshire and The Humber,England,72.763,,14.696,26%,,19.709,35%,,18.997,33%,,56.885,78%,
E14000923,"SHEFFIELD, HEELEY",South Yorkshire,Yorkshire and The Humber,England,66.940,,12.955,30%,,21.475,50%,,2.916,7%,,42.695,64%,
E14000920,SHEFFIELD SOUTH EAST,South Yorkshire,Yorkshire and The Humber,England,67.832,,15.070,36%,,19.359,46%,,2.125,5%,,41.998,62%,
E14000924,SHERWOOD,Nottinghamshire,East Midlands,England,77.888,,32.049,61%,,15.863,30%,,2.883,5%,,52.709,68%,
E14000925,SHIPLEY,West Yorkshire,Yorkshire and The Humber,England,74.029,,27.437,51%,,21.195,39%,,3.188,6%,,54.004,73%,
E14000926,SHREWSBURY AND ATCHAM,Shropshire,West Midlands,England,82.238,,31.021,53%,,19.804,34%,,5.906,10%,,59.065,72%,
E14000927,SITTINGBOURNE AND SHEPPEY,Kent,South East,England,83.917,,34.742,68%,,10.263,20%,,3.213,6%,,51.394,61%,
E14000928,SKIPTON AND RIPON,North Yorkshire,Yorkshire and The Humber,England,78.673,,34.919,59%,,11.225,19%,,8.701,15%,,58.724,75%,
E14000929,SLEAFORD AND NORTH HYKEHAM,Lincolnshire,East Midlands,England,94.761,,44.683,67%,,12.118,18%,,5.355,8%,,66.554,70%,
E14000930,SLOUGH,Berkshire,South East,England,86.818,,15.781,31%,,29.421,58%,,3.357,7%,,51.038,59%,
E14000931,SOLIHULL,West Midlands,West Midlands,England,78.760,,32.309,58%,,11.036,20%,,9.977,18%,,55.344,70%,
E14000932,SOMERTON AND FROME,Somerset,South West,England,85.866,,36.230,56%,,8.354,13%,,17.017,26%,,64.896,76%,
E14000955,"SOUTHAMPTON, ITCHEN",Hampshire,South East,England,72.299,,23.952,51%,,19.454,41%,,2.503,5%,,47.421,66%,
E14000956,"SOUTHAMPTON, TEST",Hampshire,South East,England,70.116,,16.043,36%,,22.256,49%,,3.449,8%,,44.994,64%,
N06000014,SOUTH ANTRIM,,Northern Ireland,Northern Ireland,71.711,,,,,,,,,,,42.974,60%,
E14000933,SOUTH BASILDON AND EAST THURROCK,Essex,East,England,74.441,,29.973,66%,,10.051,22%,,1.957,4%,,45.297,61%,
E14000934,SOUTH CAMBRIDGESHIRE,Cambridgeshire,East,England,87.288,,31.015,46%,,7.803,12%,,28.111,42%,,66.929,77%,
E14000935,SOUTH DERBYSHIRE,Derbyshire,East Midlands,England,79.331,,33.502,63%,,14.167,27%,,3.924,7%,,53.381,67%,
E14000936,SOUTH DORSET,Dorset,South West,England,73.809,,30.024,59%,,12.871,25%,,5.432,11%,,51.058,69%,
N06000015,SOUTH DOWN,,Northern Ireland,Northern Ireland,79.175,,,,,,,,,,,49.762,63%,
E14000937,SOUTH EAST CAMBRIDGESHIRE,Cambridgeshire,East,England,86.769,,32.187,50%,,10.492,16%,,20.697,32%,,64.385,74%,
E14000938,SOUTH EAST CORNWALL,Cornwall,South West,England,71.825,,31.807,59%,,10.836,20%,,8.650,16%,,53.655,75%,
E14000957,SOUTHEND WEST,Essex,East,England,69.043,,27.555,59%,,13.096,28%,,5.312,11%,,46.537,67%,
E14000939,SOUTH HOLLAND AND THE DEEPINGS,Lincolnshire,East Midlands,England,75.975,,37.338,76%,,6.500,13%,,3.225,7%,,49.179,65%,
E14000940,SOUTH LEICESTERSHIRE,Leicestershire,East Midlands,England,80.520,,36.791,64%,,12.787,22%,,5.452,9%,,57.469,71%,
E14000941,SOUTH NORFOLK,Norfolk,East,England,86.214,,36.258,58%,,14.983,24%,,8.744,14%,,62.484,72%,
E14000942,SOUTH NORTHAMPTONSHIRE,Northamptonshire,East Midlands,England,90.842,,41.755,62%,,13.994,21%,,7.891,12%,,66.908,74%,
E14000958,SOUTHPORT,Merseyside,North West,England,70.837,,22.914,48%,,18.767,39%,,6.499,13%,,48.180,68%,
E14000943,SOUTH RIBBLE,Lancashire,North West,England,75.351,,30.028,56%,,18.829,35%,,3.720,7%,,53.784,71%,
E14000944,SOUTH SHIELDS,Tyne and Wear,North East,England,62.793,,7.688,20%,,17.273,46%,,1.514,4%,,37.882,60%,
E14000945,SOUTH STAFFORDSHIRE,Staffordshire,West Midlands,England,73.668,,36.520,73%,,8.270,17%,,3.280,7%,,50.005,68%,
E14000946,SOUTH SUFFOLK,Suffolk,East,England,76.201,,33.270,62%,,10.373,19%,,6.702,13%,,53.489,70%,
E14000947,SOUTH SWINDON,Wiltshire,South West,England,73.118,,26.536,52%,,19.911,39%,,4.299,8%,,50.746,69%,
E14000948,SOUTH THANET,Kent,South East,England,73.223,,27.084,56%,,16.497,34%,,2.727,6%,,48.257,66%,
E14000949,SOUTH WEST BEDFORDSHIRE,Bedfordshire,East,England,79.926,,32.212,60%,,13.629,26%,,5.435,10%,,53.307,67%,
E14000950,SOUTH WEST DEVON,Devon,South West,England,72.535,,33.286,62%,,11.856,22%,,6.207,12%,,53.367,74%,
E14000951,SOUTH WEST HERTFORDSHIRE,Hertfordshire,East,England,80.499,,30.327,50%,,7.228,12%,,6.251,10%,,61.191,76%,
E14000952,SOUTH WEST NORFOLK,Norfolk,East,England,78.455,,35.507,69%,,9.312,18%,,4.166,8%,,51.466,66%,
E14000953,SOUTH WEST SURREY,Surrey,South East,England,79.096,,32.191,53%,,4.775,8%,,23.374,39%,,60.340,76%,
E14000954,SOUTH WEST WILTSHIRE,Wiltshire,South West,England,77.969,,33.038,60%,,11.408,21%,,8.015,15%,,54.895,70%,
E14000959,SPELTHORNE,Surrey,South East,England,70.929,,29.141,59%,,10.748,22%,,7.499,15%,,49.510,70%,
E14000965,STAFFORD,Staffordshire,West Midlands,England,72.572,,29.992,59%,,15.615,31%,,3.175,6%,,51.149,70%,
E14000966,STAFFORDSHIRE MOORLANDS,Staffordshire,West Midlands,England,65.485,,28.192,65%,,11.764,27%,,2.469,6%,,43.656,67%,
E14000960,ST ALBANS,Hertfordshire,East,England,73.727,,22.574,39%,,5.000,9%,,28.867,50%,,57.599,78%,
E14000967,STALYBRIDGE AND HYDE,Greater Manchester,North West,England,73.064,,16.079,38%,,19.025,45%,,1.827,4%,,42.368,58%,
E14000961,ST AUSTELL AND NEWQUAY,Cornwall,South West,England,79.930,,31.273,56%,,14.747,26%,,5.861,11%,,55.776,70%,
E14000968,STEVENAGE,Hertfordshire,East,England,71.562,,25.328,53%,,16.766,35%,,4.132,9%,,47.683,67%,
E14000962,ST HELENS NORTH,Merseyside,North West,England,75.593,,12.661,27%,,24.870,52%,,2.668,6%,,47.561,63%,
E14000963,ST HELENS SOUTH AND WHISTON,Merseyside,North West,England,79.061,,10.335,21%,,29.457,59%,,2.886,6%,,50.313,64%,
S14000057,STIRLING,,Scotland,Scotland,68.473,,17.641,34%,,4.275,8%,,2.867,5%,,52.620,77%,
E14000964,ST IVES,Cornwall,South West,England,68.795,,25.365,49%,,3.553,7%,,21.085,41%,,51.413,75%,
E14000969,STOCKPORT,Greater Manchester,North West,England,65.391,,11.656,28%,,21.695,52%,,5.043,12%,,41.715,64%,
E14000970,STOCKTON NORTH,Cleveland,North East,England,66.649,,16.701,41%,,17.728,43%,,1.631,4%,,41.156,62%,
E14000971,STOCKTON SOUTH,Cleveland,North East,England,76.870,,27.764,51%,,22.504,41%,,2.338,4%,,54.802,71%,
E14000972,STOKE-ON-TRENT CENTRAL,Staffordshire,West Midlands,England,55.419,,14.557,45%,,13.887,43%,,1.116,3%,,32.070,58%,
E14000973,STOKE-ON-TRENT NORTH,Staffordshire,West Midlands,England,68.298,,20.974,52%,,14.688,37%,,1.268,3%,,40.134,59%,
E14000974,STOKE-ON-TRENT SOUTH,Staffordshire,West Midlands,England,64.491,,24.632,62%,,13.361,34%,,1.611,4%,,39.604,61%,
E14000975,STONE,Staffordshire,West Midlands,England,69.378,,31.687,64%,,11.742,24%,,4.412,9%,,49.843,72%,
E14000976,STOURBRIDGE,West Midlands,West Midlands,England,69.891,,27.534,60%,,13.963,31%,,2.523,6%,,45.689,65%,
N06000016,STRANGFORD,,Northern Ireland,Northern Ireland,66.928,,1.476,4%,,,,,,,,37.485,56%,
E14000977,STRATFORD-ON-AVON,Warwickshire,West Midlands,England,74.037,,33.343,61%,,6.222,11%,,13.371,24%,,55.048,74%,
E14000978,STREATHAM,London,London,England,84.783,,9.060,16%,,30.976,55%,,13.286,24%,,56.513,67%,
E14000979,STRETFORD AND URMSTON,Greater Manchester,North West,England,72.372,,13.778,28%,,30.195,60%,,2.969,6%,,50.067,69%,
E14000980,STROUD,Gloucestershire,South West,England,84.537,,31.582,48%,,27.742,42%,,,,,65.930,78%,
E14000981,SUFFOLK COASTAL,Suffolk,East,England,81.910,,32.958,57%,,12.425,21%,,8.719,15%,,58.308,71%,
E14000982,SUNDERLAND CENTRAL,Tyne and Wear,North East,England,72.680,,15.372,35%,,18.336,42%,,3.025,7%,,43.476,60%,
E14000983,SURREY HEATH,Surrey,South East,England,81.349,,34.358,59%,,5.407,9%,,16.009,27%,,58.654,72%,
E14000984,SUTTON AND CHEAM,London,London,England,71.779,,25.235,50%,,7.200,14%,,16.884,33%,,50.487,70%,
E14000985,SUTTON COLDFIELD,West Midlands,West Midlands,England,75.638,,31.604,60%,,12.332,24%,,6.358,12%,,52.325,69%,
W07000048,SWANSEA EAST,West Glamorgan,Wales,Wales,58.450,,9.435,28%,,17.405,52%,,1.409,4%,,33.579,57%,
W07000047,SWANSEA WEST,West Glamorgan,Wales,Wales,57.078,,10.377,29%,,18.493,52%,,2.993,8%,,35.830,63%,
E14000986,TAMWORTH,Staffordshire,West Midlands,England,71.572,,30.542,66%,,10.908,24%,,2.426,5%,,46.056,64%,
E14000987,TATTON,Cheshire,North West,England,69.018,,28.277,58%,,10.890,22%,,7.712,16%,,48.967,71%,
E14000988,TAUNTON DEANE,Somerset,South West,England,88.676,,34.164,54%,,4.715,7%,,22.464,35%,,63.733,72%,
E14000989,TELFORD,Shropshire,West Midlands,England,68.921,,25.546,60%,,14.605,34%,,2.674,6%,,42.825,62%,
E14000990,TEWKESBURY,Gloucestershire,South West,England,83.958,,35.728,58%,,9.310,15%,,13.318,22%,,61.140,73%,
E14000991,THE COTSWOLDS,Gloucestershire,South West,England,81.939,,35.484,58%,,7.110,12%,,15.270,25%,,61.176,75%,
E14000992,THE WREKIN,Shropshire,West Midlands,England,70.693,,31.029,63%,,12.303,25%,,4.067,8%,,48.890,69%,
E14000993,THIRSK AND MALTON,North Yorkshire,Yorkshire and The Humber,England,80.991,,35.634,63%,,10.480,19%,,6.774,12%,,56.588,70%,
E14000994,THORNBURY AND YATE,Avon,South West,England,69.492,,30.202,58%,,4.208,8%,,17.833,34%,,52.243,75%,
E14000995,THURROCK,Essex,East,England,79.659,,27.795,59%,,16.313,34%,,1.510,3%,,47.467,60%,
E14000996,TIVERTON AND HONITON,Devon,South West,England,82.953,,35.893,60%,,11.654,20%,,8.807,15%,,59.613,72%,
E14000997,TONBRIDGE AND MALLING,Kent,South East,England,79.278,,35.784,63%,,8.286,15%,,8.843,16%,,57.003,72%,
E14000998,TOOTING,London,London,England,76.954,,16.504,28%,,30.811,53%,,8.305,14%,,58.473,76%,
E14000999,TORBAY,Devon,South West,England,75.054,,29.863,59%,,6.562,13%,,12.114,24%,,50.426,67%,
W07000053,TORFAEN,Gwent and Mid Glamorgan,Wales,Wales,62.330,,11.804,32%,,15.546,42%,,1.831,5%,,37.176,60%,
E14001000,TORRIDGE AND WEST DEVON,Devon,South West,England,80.403,,35.904,60%,,10.290,17%,,10.912,18%,,59.730,74%,
E14001001,TOTNES,Devon,South West,England,69.863,,27.751,53%,,8.860,17%,,15.027,29%,,52.182,75%,
E14001002,TOTTENHAM,London,London,England,75.740,,5.446,12%,,35.621,76%,,3.168,7%,,46.856,62%,
E14001003,TRURO AND FALMOUTH,Cornwall,South West,England,76.719,,27.237,46%,,22.676,38%,,7.150,12%,,59.190,77%,
E14001004,TUNBRIDGE WELLS,Kent,South East,England,74.823,,30.119,55%,,8.098,15%,,15.474,28%,,54.650,73%,
E14001005,TWICKENHAM,London,London,England,84.906,,22.045,34%,,5.476,8%,,36.166,56%,,64.503,76%,
E14001006,TYNEMOUTH,Tyne and Wear,North East,England,77.261,,22.071,39%,,26.928,48%,,3.791,7%,,56.034,73%,
N06000017,UPPER BANN,,Northern Ireland,Northern Ireland,82.887,,,,,,,,,,,50.045,60%,
E14001007,UXBRIDGE AND SOUTH RUISLIP,London,London,England,70.365,,25.351,53%,,18.141,38%,,3.026,6%,,48.187,68%,
W07000060,VALE OF CLWYD,Clwyd,Wales,Wales,56.649,,17.270,46%,,15.443,41%,,1.471,4%,,37.213,66%,
W07000078,VALE OF GLAMORGAN,South Glamorgan,Wales,Wales,76.508,,27.305,50%,,23.743,43%,,,,,54.807,72%,
E14001008,VAUXHALL,London,London,England,88.659,,9.422,17%,,31.615,56%,,12.003,21%,,56.333,64%,
E14001009,WAKEFIELD,West Yorkshire,Yorkshire and The Humber,England,70.192,,21.283,47%,,17.925,40%,,1.772,4%,,45.027,64%,
E14001010,WALLASEY,Merseyside,North West,England,66.310,,11.579,25%,,29.901,64%,,1.843,4%,,46.492,70%,
E14001011,WALSALL NORTH,West Midlands,West Midlands,England,67.177,,23.334,64%,,11.369,31%,,1.236,3%,,36.556,54%,
E14001012,WALSALL SOUTH,West Midlands,West Midlands,England,68.024,,17.416,41%,,20.872,49%,,1.602,4%,,42.472,62%,
E14001013,WALTHAMSTOW,London,London,England,70.267,,5.922,12%,,36.784,76%,,2.874,6%,,48.335,69%,
E14001014,WANSBECK,Northumberland,North East,England,63.339,,16.310,40%,,17.124,42%,,2.539,6%,,40.509,64%,
E14001015,WANTAGE,Oxfordshire,South East,England,90.867,,34.085,51%,,10.181,15%,,21.432,32%,,67.173,74%,
E14001016,WARLEY,West Midlands,West Midlands,England,62.357,,10.390,28%,,21.901,59%,,1.588,4%,,37.239,60%,
E14001017,WARRINGTON NORTH,Cheshire,North West,England,72.235,,19.102,41%,,20.611,44%,,3.071,7%,,46.667,65%,
E14001018,WARRINGTON SOUTH,Cheshire,North West,England,86.015,,28.187,46%,,26.177,42%,,5.732,9%,,61.899,72%,
E14001019,WARWICK AND LEAMINGTON,Warwickshire,West Midlands,England,76.362,,22.929,42%,,23.718,44%,,4.995,9%,,54.205,71%,
E14001020,WASHINGTON AND SUNDERLAND WEST,Tyne and Wear,North East,England,66.278,,12.218,33%,,15.941,42%,,2.071,6%,,37.513,57%,
E14001021,WATFORD,Hertfordshire,East,England,83.359,,26.421,46%,,21.988,38%,,9.323,16%,,58.065,70%,
E14001022,WAVENEY,Suffolk,East,England,82.791,,31.778,62%,,13.776,27%,,2.603,5%,,51.129,62%,
E14001023,WEALDEN,East Sussex,South East,England,82.998,,37.043,61%,,9.377,15%,,11.388,19%,,60.907,73%,
E14001024,WEAVER VALE,Cheshire,North West,England,70.551,,22.210,44%,,22.772,45%,,3.300,7%,,50.713,72%,
E14001025,WELLINGBOROUGH,Northamptonshire,East Midlands,England,80.765,,32.277,62%,,13.737,26%,,4.078,8%,,51.913,64%,
E14001026,WELLS,Somerset,South West,England,84.124,,33.336,54%,,4.304,7%,,23.345,38%,,61.628,73%,
E14001027,WELWYN HATFIELD,Hertfordshire,East,England,74.892,,27.394,53%,,16.439,32%,,6.602,13%,,52.053,70%,
E14001028,WENTWORTH AND DEARNE,South Yorkshire,Yorkshire and The Humber,England,74.536,,14.577,35%,,16.742,40%,,1.705,4%,,41.557,56%,
S14000058,WEST ABERDEENSHIRE AND KINCARDINE,,Scotland,Scotland,72.640,,22.752,43%,,2.431,5%,,6.253,12%,,53.345,73%,
E14001029,WEST BROMWICH EAST,West Midlands,West Midlands,England,62.046,,16.804,47%,,15.211,42%,,1.313,4%,,35.975,58%,
E14001030,WEST BROMWICH WEST,West Midlands,West Midlands,England,64.517,,17.419,51%,,13.620,40%,,915,3%,,34.459,53%,
E14001031,WEST DORSET,Dorset,South West,England,81.897,,33.589,55%,,5.729,9%,,19.483,32%,,60.925,74%,
S14000059,WEST DUNBARTONSHIRE,,Scotland,Scotland,66.517,,6.436,14%,,12.843,28%,,1.890,4%,,45.140,68%,
E14001032,WEST HAM,London,London,England,97.947,,9.793,16%,,42.181,70%,,4.161,7%,,60.200,61%,
E14001033,WEST LANCASHIRE,Lancashire,North West,England,73.347,,19.122,36%,,27.458,52%,,2.560,5%,,52.663,72%,
E14001036,WESTMINSTER NORTH,London,London,England,65.519,,12.481,29%,,23.240,54%,,5.593,13%,,42.911,65%,
E14001037,WESTMORLAND AND LONSDALE,Cumbria,North West,England,67.789,,23.861,45%,,2.293,4%,,25.795,49%,,52.712,78%,
E14001038,WESTON-SUPER-MARE,Avon,South West,England,82.526,,31.983,58%,,14.862,27%,,6.935,12%,,55.614,67%,
E14001034,WEST SUFFOLK,Suffolk,East,England,80.193,,33.842,66%,,10.648,21%,,4.685,9%,,51.437,64%,
N06000018,WEST TYRONE,,Northern Ireland,Northern Ireland,66.259,,,,,,,,,,,41.186,62%,
E14001035,WEST WORCESTERSHIRE,Hereford and Worcester,West Midlands,England,76.241,,34.909,61%,,9.496,17%,,10.410,18%,,57.530,75%,
E14001039,WIGAN,Greater Manchester,North West,England,75.680,,14.314,32%,,21.042,47%,,2.428,5%,,45.042,60%,
E14001040,WIMBLEDON,London,London,England,68.240,,20.373,38%,,12.543,24%,,19.745,37%,,53.027,78%,
E14001041,WINCHESTER,Hampshire,South East,England,75.582,,28.430,48%,,2.723,5%,,27.445,47%,,58.890,78%,
E14001042,WINDSOR,Berkshire,South East,England,75.038,,31.501,59%,,8.147,15%,,11.422,21%,,53.750,72%,
E14001043,WIRRAL SOUTH,Merseyside,North West,England,57.280,,16.179,37%,,22.284,51%,,2.917,7%,,43.547,76%,
E14001044,WIRRAL WEST,Merseyside,North West,England,55.550,,17.692,41%,,20.695,48%,,2.706,6%,,42.918,77%,
E14001045,WITHAM,Essex,East,England,70.402,,32.876,67%,,8.794,18%,,4.584,9%,,49.344,70%,
E14001046,WITNEY,Oxfordshire,South East,England,83.845,,33.856,55%,,8.770,14%,,18.679,30%,,61.305,73%,
E14001047,WOKING,Surrey,South East,England,75.424,,26.396,49%,,8.827,16%,,16.629,31%,,53.937,72%,
E14001048,WOKINGHAM,Berkshire,South East,England,83.953,,30.734,50%,,6.450,10%,,23.351,38%,,61.997,74%,
E14001049,WOLVERHAMPTON NORTH EAST,West Midlands,West Midlands,England,61.660,,17.722,52%,,13.642,40%,,960,3%,,34.281,56%,
E14001050,WOLVERHAMPTON SOUTH EAST,West Midlands,West Midlands,England,62.883,,14.287,43%,,15.522,46%,,1.019,3%,,33.443,53%,
E14001051,WOLVERHAMPTON SOUTH WEST,West Midlands,West Midlands,England,60.534,,19.864,48%,,18.203,44%,,2.041,5%,,41.136,68%,
E14001052,WORCESTER,Hereford and Worcester,West Midlands,England,73.485,,25.856,51%,,19.098,38%,,3.666,7%,,50.898,69%,
E14001053,WORKINGTON,Cumbria,North West,England,61.370,,20.488,49%,,16.312,39%,,1.525,4%,,41.599,68%,
E14001054,WORSLEY AND ECCLES SOUTH,Greater Manchester,North West,England,75.219,,17.227,39%,,20.446,46%,,2.510,6%,,44.707,59%,
E14001055,WORTHING WEST,West Sussex,South East,England,78.585,,30.475,56%,,15.652,29%,,6.024,11%,,54.648,70%,
W07000044,WREXHAM,Clwyd,Wales,Wales,49.737,,15.199,45%,,13.068,39%,,1.447,4%,,33.532,67%,
E14001056,WYCOMBE,Buckinghamshire,South East,England,78.093,,24.766,45%,,20.552,38%,,6.543,12%,,54.756,70%,
E14001057,WYRE AND PRESTON NORTH,Lancashire,North West,England,74.775,,31.589,60%,,14.808,28%,,4.463,8%,,52.924,71%,
E14001058,WYRE FOREST,Hereford and Worcester,West Midlands,England,78.077,,32.960,65%,,11.547,23%,,4.081,8%,,50.561,65%,
E14001059,WYTHENSHAWE AND SALE EAST,Greater Manchester,North West,England,76.313,,13.459,30%,,23.855,53%,,3.111,7%,,44.759,59%,
E14001060,YEOVIL,Somerset,South West,England,82.468,,34.588,58%,,3.761,6%,,18.407,31%,,59.260,72%,
W07000041,YNYS MON,Gwynedd,Wales,Wales,51.925,,12.959,35%,,10.991,30%,,,,,36.552,70%,
E14001061,YORK CENTRAL,North Yorkshire,Yorkshire and The Humber,England,74.899,,13.767,28%,,27.312,55%,,4.149,8%,,49.505,66%,
E14001062,YORK OUTER,North Yorkshire,Yorkshire and The Humber,England,74.673,,27.324,49%,,17.339,31%,,9.992,18%,,55.347,74%,
